[1780048120] [startup] MacroGraph 42.3.0 started; log: G:\coding\MacroGraph\apps\desktop\logs\crash.log
[1780048277] [recovery] previous session (v42.3.0) did not exit cleanly (started 1780048120)
[1780048277] [startup] MacroGraph 42.3.0 started; log: G:\coding\MacroGraph\apps\desktop\logs\crash.log
[1780048289] [pagehide] webview pagehide (possible shutdown)
[1780048455] [recovery] previous session (v42.3.0) did not exit cleanly (started 1780048277)
[1780048455] [startup] MacroGraph 42.3.0 started; log: G:\coding\MacroGraph\apps\desktop\logs\crash.log
[1780048530] [recovery] previous session (v42.3.0) did not exit cleanly (started 1780048455)
[1780048530] [startup] MacroGraph 42.3.0 started; log: G:\coding\MacroGraph\apps\desktop\logs\crash.log
[1780048824] [recovery] previous session (v42.3.0) did not exit cleanly (started 1780048530)
[1780048824] [startup] MacroGraph 42.3.0 started; log: G:\coding\MacroGraph\apps\desktop\logs\crash.log
[1780048923] [pagehide] webview pagehide (possible shutdown)
[1780048923] [exit] window-all-closed
[1780048923] [exit] application Exit
[1780048928] [startup] MacroGraph 42.3.0 started; log: G:\coding\MacroGraph\apps\desktop\logs\crash.log
[1780049310] [recovery] previous session (v42.3.0) did not exit cleanly (started 1780048928)
[1780049310] [startup] MacroGraph 42.3.0 started; log: G:\coding\MacroGraph\apps\desktop\logs\crash.log
[1780049366] [unhandled rejection] Error: Error invoking remote method 'obs:call': Error: No source was found by the name of `CAMERA` within the canvas `Main`.
Error: Error invoking remote method 'obs:call': Error: No source was found by the name of `CAMERA` within the canvas `Main`.
[1780049367] [unhandled rejection] Error: Error invoking remote method 'obs:call': Error: No source was found by the name of `CAMERA` within the canvas `Main`.
Error: Error invoking remote method 'obs:call': Error: No source was found by the name of `CAMERA` within the canvas `Main`.
[1780049475] [unhandled rejection] Error: Error invoking remote method 'http:fetchSend': AggregateError
Error: Error invoking remote method 'http:fetchSend': AggregateError
[1780049492] [unhandled rejection] Error: Error invoking remote method 'http:fetchSend': AggregateError
Error: Error invoking remote method 'http:fetchSend': AggregateError
[1780049533] [unhandled rejection] Error: Error invoking remote method 'http:fetchSend': AggregateError
Error: Error invoking remote method 'http:fetchSend': AggregateError
[1780049587] [pagehide] webview pagehide (possible shutdown)
[1780049603] [recovery] previous session (v42.3.0) did not exit cleanly (started 1780049310)
[1780049603] [startup] MacroGraph 42.3.0 started; log: G:\coding\MacroGraph\apps\desktop\logs\crash.log
[1780049721] [pagehide] webview pagehide (possible shutdown)
[1780049728] [unhandled rejection] Error: Error invoking remote method 'http:fetchSend': Error: connect timeout
Error: Error invoking remote method 'http:fetchSend': Error: connect timeout
[1780049786] [recovery] previous session (v42.3.0) did not exit cleanly (started 1780049603)
[1780049786] [startup] MacroGraph 42.3.0 started; log: G:\coding\MacroGraph\apps\desktop\logs\crash.log
[1780050103] [panic] TypeError: Cannot read properties of null (reading 'clients')
TypeError: Cannot read properties of null (reading 'clients')
    at WebSocket.<anonymous> (G:\coding\MacroGraph\apps\desktop\dist-electron\main.js:544:32)
    at WebSocket.emit (node:events:521:24)
    at WebSocket.emitClose (G:\coding\MacroGraph\node_modules\.pnpm\ws@8.21.0\node_modules\ws\lib\websocket.js:279:10)
    at Socket.socketOnClose (G:\coding\MacroGraph\node_modules\.pnpm\ws@8.21.0\node_modules\ws\lib\websocket.js:1360:15)
    at Socket.emit (node:events:509:28)
    at TCP.<anonymous> (node:net:350:12)
[1780050149] [startup] MacroGraph 42.3.0 started; log: G:\coding\MacroGraph\apps\desktop\logs\crash.log
[1780050196] [panic] TypeError: Cannot read properties of null (reading 'clients')
TypeError: Cannot read properties of null (reading 'clients')
    at WebSocket.<anonymous> (G:\coding\MacroGraph\apps\desktop\dist-electron\main.js:545:32)
    at WebSocket.emit (node:events:521:24)
    at WebSocket.emitClose (G:\coding\MacroGraph\node_modules\.pnpm\ws@8.21.0\node_modules\ws\lib\websocket.js:279:10)
    at Socket.socketOnClose (G:\coding\MacroGraph\node_modules\.pnpm\ws@8.21.0\node_modules\ws\lib\websocket.js:1360:15)
    at Socket.emit (node:events:509:28)
    at TCP.<anonymous> (node:net:350:12)
[1780050312] [startup] MacroGraph 42.3.0 started; log: G:\coding\MacroGraph\apps\desktop\logs\crash.log
[1780050609] [pagehide] webview pagehide (possible shutdown)
[1780050732] [recovery] previous session (v42.3.0) did not exit cleanly (started 1780050312)
[1780050732] [startup] MacroGraph 42.3.0 started; log: G:\coding\MacroGraph\apps\desktop\logs\crash.log
[1780050979] [panic] TypeError: Cannot read properties of null (reading 'clients')
TypeError: Cannot read properties of null (reading 'clients')
    at WebSocket.<anonymous> (G:\coding\MacroGraph\apps\desktop\dist-electron\main.js:545:32)
    at WebSocket.emit (node:events:521:24)
    at WebSocket.emitClose (G:\coding\MacroGraph\node_modules\.pnpm\ws@8.21.0\node_modules\ws\lib\websocket.js:279:10)
    at Socket.socketOnClose (G:\coding\MacroGraph\node_modules\.pnpm\ws@8.21.0\node_modules\ws\lib\websocket.js:1360:15)
    at Socket.emit (node:events:509:28)
    at TCP.<anonymous> (node:net:350:12)
[1780051192] [startup] MacroGraph 42.3.0 started; log: G:\coding\MacroGraph\apps\desktop\logs\crash.log
[1780051253] [pagehide] webview pagehide (possible shutdown)
[1780051263] [pagehide] webview pagehide (possible shutdown)
[1780051265] [pagehide] webview pagehide (possible shutdown)
[1780051271] [pagehide] webview pagehide (possible shutdown)
[1780051285] [pagehide] webview pagehide (possible shutdown)
[1780051371] [panic] TypeError: Cannot read properties of null (reading 'clients')
TypeError: Cannot read properties of null (reading 'clients')
    at WebSocket.<anonymous> (G:\coding\MacroGraph\apps\desktop\dist-electron\main.js:545:32)
    at WebSocket.emit (node:events:521:24)
    at WebSocket.emitClose (G:\coding\MacroGraph\node_modules\.pnpm\ws@8.21.0\node_modules\ws\lib\websocket.js:279:10)
    at Socket.socketOnClose (G:\coding\MacroGraph\node_modules\.pnpm\ws@8.21.0\node_modules\ws\lib\websocket.js:1360:15)
    at Socket.emit (node:events:509:28)
    at TCP.<anonymous> (node:net:350:12)
[1780051452] [startup] MacroGraph 42.3.0 started; log: G:\coding\MacroGraph\apps\desktop\logs\crash.log
[1780051628] [panic] TypeError: Cannot read properties of null (reading 'clients')
TypeError: Cannot read properties of null (reading 'clients')
    at WebSocket.<anonymous> (G:\coding\MacroGraph\apps\desktop\dist-electron\main.js:545:32)
    at WebSocket.emit (node:events:521:24)
    at WebSocket.emitClose (G:\coding\MacroGraph\node_modules\.pnpm\ws@8.21.0\node_modules\ws\lib\websocket.js:279:10)
    at Socket.socketOnClose (G:\coding\MacroGraph\node_modules\.pnpm\ws@8.21.0\node_modules\ws\lib\websocket.js:1360:15)
    at Socket.emit (node:events:509:28)
    at TCP.<anonymous> (node:net:350:12)
[1780051700] [startup] MacroGraph 42.3.0 started; log: G:\coding\MacroGraph\apps\desktop\logs\crash.log
[1780052000] [pagehide] webview pagehide (possible shutdown)
[1780052007] [pagehide] webview pagehide (possible shutdown)
[1780052013] [pagehide] webview pagehide (possible shutdown)
[1780052023] [pagehide] webview pagehide (possible shutdown)
[1780052024] [pagehide] webview pagehide (possible shutdown)
[1780052030] [pagehide] webview pagehide (possible shutdown)
[1780052083] [recovery] previous session (v42.3.0) did not exit cleanly (started 1780051700)
[1780052083] [startup] MacroGraph 42.3.0 started; log: G:\coding\MacroGraph\apps\desktop\logs\crash.log
[1780052194] [pagehide] webview pagehide (possible shutdown)
[1780052203] [pagehide] webview pagehide (possible shutdown)
[1780052204] [pagehide] webview pagehide (possible shutdown)
[1780052296] [pagehide] webview pagehide (possible shutdown)
[1780052306] [pagehide] webview pagehide (possible shutdown)
[1780052307] [pagehide] webview pagehide (possible shutdown)
[1780052324] [pagehide] webview pagehide (possible shutdown)
[1780052335] [recovery] previous session (v42.3.0) did not exit cleanly (started 1780052083)
[1780052335] [startup] MacroGraph 42.3.0 started; log: G:\coding\MacroGraph\apps\desktop\logs\crash.log
[1780052337] [pagehide] webview pagehide (possible shutdown)
[1780052343] [pagehide] webview pagehide (possible shutdown)
[1780052353] [pagehide] webview pagehide (possible shutdown)
[1780052355] [pagehide] webview pagehide (possible shutdown)
[1780052372] [pagehide] webview pagehide (possible shutdown)
[1780052384] [recovery] previous session (v42.3.0) did not exit cleanly (started 1780052335)
[1780052384] [startup] MacroGraph 42.3.0 started; log: G:\coding\MacroGraph\apps\desktop\logs\crash.log
[1780052511] [panic] TypeError: Cannot read properties of null (reading 'clients')
TypeError: Cannot read properties of null (reading 'clients')
    at WebSocket.<anonymous> (G:\coding\MacroGraph\apps\desktop\dist-electron\main.js:545:32)
    at WebSocket.emit (node:events:521:24)
    at WebSocket.emitClose (G:\coding\MacroGraph\node_modules\.pnpm\ws@8.21.0\node_modules\ws\lib\websocket.js:279:10)
    at Socket.socketOnClose (G:\coding\MacroGraph\node_modules\.pnpm\ws@8.21.0\node_modules\ws\lib\websocket.js:1360:15)
    at Socket.emit (node:events:509:28)
    at TCP.<anonymous> (node:net:350:12)
[1780052534] [startup] MacroGraph 42.3.0 started; log: G:\coding\MacroGraph\apps\desktop\logs\crash.log
[1780052590] [pagehide] webview pagehide (possible shutdown)
[1780052600] [pagehide] webview pagehide (possible shutdown)
[1780052601] [pagehide] webview pagehide (possible shutdown)
[1780052601] [pagehide] webview pagehide (possible shutdown)
[1780053002] [pagehide] webview pagehide (possible shutdown)
[1780053002] [exit] window-all-closed
[1780053002] [exit] application Exit
[1780053002] [panic] Error: No main window
Error: No main window
    at getWindow (G:\coding\MacroGraph\apps\desktop\dist-electron\main.js:178:15)
    at sendToRenderer (G:\coding\MacroGraph\apps\desktop\dist-electron\main.js:182:17)
    at WebSocket.<anonymous> (G:\coding\MacroGraph\apps\desktop\dist-electron\main.js:299:17)
    at WebSocket.emit (node:events:521:24)
    at WebSocket.emitClose (G:\coding\MacroGraph\node_modules\.pnpm\ws@8.21.0\node_modules\ws\lib\websocket.js:279:10)
    at Socket.socketOnClose (G:\coding\MacroGraph\node_modules\.pnpm\ws@8.21.0\node_modules\ws\lib\websocket.js:1360:15)
    at Socket.emit (node:events:509:28)
    at TCP.<anonymous> (node:net:350:12)
[1780053900] [startup] MacroGraph 42.3.0 started; log: G:\coding\MacroGraph\apps\desktop\logs\crash.log
[1780053907] [pagehide] webview pagehide (possible shutdown)
[1780053941] [pagehide] webview pagehide (possible shutdown)
[1780053947] [recovery] previous session (v42.3.0) did not exit cleanly (started 1780053900)
[1780053947] [startup] MacroGraph 42.3.0 started; log: G:\coding\MacroGraph\apps\desktop\logs\crash.log
[1780054013] [pagehide] webview pagehide (possible shutdown)
[1780054045] [recovery] previous session (v42.3.0) did not exit cleanly (started 1780053947)
[1780054045] [startup] MacroGraph 42.3.0 started; log: G:\coding\MacroGraph\apps\desktop\logs\crash.log
[1780054258] [pagehide] webview pagehide (possible shutdown)
[1780054337] [recovery] previous session (v42.3.0) did not exit cleanly (started 1780054045)
[1780054337] [startup] MacroGraph 42.3.0 started; log: G:\coding\MacroGraph\apps\desktop\logs\crash.log
[1780054343] [pagehide] webview pagehide (possible shutdown)
[1780054355] [pagehide] webview pagehide (possible shutdown)
[1780054412] [pagehide] webview pagehide (possible shutdown)
[1780054429] [recovery] previous session (v42.3.0) did not exit cleanly (started 1780054337)
[1780054429] [startup] MacroGraph 42.3.0 started; log: G:\coding\MacroGraph\apps\desktop\logs\crash.log
[1780054515] [pagehide] webview pagehide (possible shutdown)
[1780054716] [recovery] previous session (v42.3.0) did not exit cleanly (started 1780054429)
[1780054716] [startup] MacroGraph 42.3.0 started; log: G:\coding\MacroGraph\apps\desktop\logs\crash.log
[1780054722] [pagehide] webview pagehide (possible shutdown)
[1780054734] [pagehide] webview pagehide (possible shutdown)
[1780054955] [pagehide] webview pagehide (possible shutdown)
[1780054992] [recovery] previous session (v42.3.0) did not exit cleanly (started 1780054716)
[1780054992] [startup] MacroGraph 42.3.0 started; log: G:\coding\MacroGraph\apps\desktop\logs\crash.log
[1780055259] [recovery] previous session (v42.3.0) did not exit cleanly (started 1780054992)
[1780055259] [startup] MacroGraph 42.3.0 started; log: G:\coding\MacroGraph\apps\desktop\logs\crash.log
[1780055382] [recovery] previous session (v42.3.0) did not exit cleanly (started 1780055259)
[1780055382] [startup] MacroGraph 42.3.0 started; log: G:\coding\MacroGraph\apps\desktop\logs\crash.log
[1780055468] [pagehide] webview pagehide (possible shutdown)
[1780055480] [recovery] previous session (v42.3.0) did not exit cleanly (started 1780055382)
[1780055480] [startup] MacroGraph 42.3.0 started; log: G:\coding\MacroGraph\apps\desktop\logs\crash.log
[1780055856] [pagehide] webview pagehide (possible shutdown)
[1780055856] [exit] window-all-closed
[1780055856] [exit] application Exit
[1780055856] [panic] Error: No main window
Error: No main window
    at getWindow (G:\coding\MacroGraph\apps\desktop\dist-electron\main.js:179:15)
    at sendToRenderer (G:\coding\MacroGraph\apps\desktop\dist-electron\main.js:183:17)
    at WebSocket.<anonymous> (G:\coding\MacroGraph\apps\desktop\dist-electron\main.js:301:17)
    at WebSocket.emit (node:events:521:24)
    at WebSocket.emitClose (G:\coding\MacroGraph\node_modules\.pnpm\ws@8.21.0_bufferutil@4.1.0_utf-8-validate@5.0.10\node_modules\ws\lib\websocket.js:279:10)
    at Socket.socketOnClose (G:\coding\MacroGraph\node_modules\.pnpm\ws@8.21.0_bufferutil@4.1.0_utf-8-validate@5.0.10\node_modules\ws\lib\websocket.js:1360:15)
    at Socket.emit (node:events:509:28)
    at TCP.<anonymous> (node:net:350:12)
[1780111182] [startup] MacroGraph 42.3.0 started; log: G:\coding\MacroGraph\apps\desktop\logs\crash.log
[1780111213] [pagehide] webview pagehide (possible shutdown)
[1780111213] [exit] window-all-closed
[1780111213] [exit] application Exit
[1780111213] [panic] Error: No main window
Error: No main window
    at getWindow (G:\coding\MacroGraph\apps\desktop\dist-electron\main.js:179:15)
    at sendToRenderer (G:\coding\MacroGraph\apps\desktop\dist-electron\main.js:183:17)
    at WebSocket.<anonymous> (G:\coding\MacroGraph\apps\desktop\dist-electron\main.js:301:17)
    at WebSocket.emit (node:events:521:24)
    at WebSocket.emitClose (G:\coding\MacroGraph\node_modules\.pnpm\ws@8.21.0_bufferutil@4.1.0_utf-8-validate@5.0.10\node_modules\ws\lib\websocket.js:279:10)
    at Socket.socketOnClose (G:\coding\MacroGraph\node_modules\.pnpm\ws@8.21.0_bufferutil@4.1.0_utf-8-validate@5.0.10\node_modules\ws\lib\websocket.js:1360:15)
    at Socket.emit (node:events:509:28)
    at TCP.<anonymous> (node:net:350:12)
[1780212704] [startup] MacroGraph 42.3.0 started; log: G:\coding\MacroGraph\apps\desktop\logs\crash.log
[1780212710] [pagehide] webview pagehide (possible shutdown)
[1780212722] [pagehide] webview pagehide (possible shutdown)
[1780212895] [recovery] previous session (v42.3.0) did not exit cleanly (started 1780212704)
[1780212895] [startup] MacroGraph 42.3.0 started; log: G:\coding\MacroGraph\apps\desktop\logs\crash.log
[1780212907] [recovery] previous session (v42.3.0) did not exit cleanly (started 1780212895)
[1780212907] [startup] MacroGraph 42.3.0 started; log: G:\coding\MacroGraph\apps\desktop\logs\crash.log
[1780213015] [recovery] previous session (v42.3.0) did not exit cleanly (started 1780212907)
[1780213015] [startup] MacroGraph 42.3.0 started; log: G:\coding\MacroGraph\apps\desktop\logs\crash.log
[1780213655] [recovery] previous session (v42.3.0) did not exit cleanly (started 1780213015)
[1780213655] [startup] MacroGraph 42.3.0 started; log: G:\coding\MacroGraph\apps\desktop\logs\crash.log
[1780213945] [recovery] previous session (v42.3.0) did not exit cleanly (started 1780213655)
[1780213945] [startup] MacroGraph 42.3.0 started; log: G:\coding\MacroGraph\apps\desktop\logs\crash.log
[1780215512] [recovery] previous session (v42.3.0) did not exit cleanly (started 1780213945)
[1780215512] [startup] MacroGraph 42.3.0 started; log: G:\coding\MacroGraph\apps\desktop\logs\crash.log
[1780215884] [recovery] previous session (v42.3.0) did not exit cleanly (started 1780215512)
[1780215884] [startup] MacroGraph 42.3.0 started; log: G:\coding\MacroGraph\apps\desktop\logs\crash.log
[1780215958] [recovery] previous session (v42.3.0) did not exit cleanly (started 1780215884)
[1780215958] [startup] MacroGraph 42.3.0 started; log: G:\coding\MacroGraph\apps\desktop\logs\crash.log
[1780215988] [exit] window-all-closed
[1780215988] [exit] application Exit
[1780216064] [startup] MacroGraph 42.3.0 started; log: G:\coding\MacroGraph\apps\desktop\logs\crash.log
[1780216081] [exit] window-all-closed
[1780216081] [exit] application Exit
[1780216266] [startup] MacroGraph 42.3.0 started; log: G:\coding\MacroGraph\apps\desktop\logs\crash.log
[1780216272] [pagehide] webview pagehide (possible shutdown)
[1780216285] [pagehide] webview pagehide (possible shutdown)
[1780216300] [exit] window-all-closed
[1780216300] [exit] application Exit
[1780216466] [startup] MacroGraph 42.3.0 started; log: G:\coding\MacroGraph\apps\desktop\logs\crash.log
[1780216821] [pagehide] webview pagehide (possible shutdown)
[1780216907] [pagehide] webview pagehide (possible shutdown)
[1780216949] [unhandled rejection] Error: Error invoking remote method 'http:fetchSend': AggregateError
Error: Error invoking remote method 'http:fetchSend': AggregateError
[1780217320] [recovery] previous session (v42.3.0) did not exit cleanly (started 1780216466)
[1780217320] [startup] MacroGraph 42.3.0 started; log: G:\coding\MacroGraph\apps\desktop\logs\crash.log
[1780217329] [ikea] Connecting to 192.168.0.125...
[1780217329] [ikea] Connected, found 5 device(s): table Bulb 2 (light), couch back (light), bedroom (light), Remote control (remote), tv (light)
[1780217567] [recovery] previous session (v42.3.0) did not exit cleanly (started 1780217320)
[1780217567] [startup] MacroGraph 42.3.0 started; log: G:\coding\MacroGraph\apps\desktop\logs\crash.log
[1780217576] [ikea] Connecting to 192.168.0.125...
[1780217576] [ikea] Connected, found 5 device(s): table Bulb 2 (light), couch back (light), bedroom (light), Remote control (remote), tv (light)
[1780217633] [ikea] Connecting to 192.168.0.125...
[1780217633] [ikea] Error: Worker exited with code null
[1780217633] [ikea] Connect error: Error invoking remote method 'ikea:connect': Error: Worker exited with code null
[1780217646] [pagehide] webview pagehide (possible shutdown)
[1780217646] [ikea] Connecting to 192.168.0.125...
[1780217646] [ikea] Connected, found 5 device(s): table Bulb 2 (light), couch back (light), bedroom (light), Remote control (remote), tv (light)
[1780217746] [ikea] Connecting to 192.168.0.125...
[1780217746] [ikea] Connect error: Error invoking remote method 'ikea:connect': Error: Worker exited with code null
[1780217746] [ikea] Error: Worker exited with code null
[1780217911] [pagehide] webview pagehide (possible shutdown)
[1780217911] [ikea] Connecting to 192.168.0.125...
[1780217911] [ikea] Connected, found 5 device(s): table Bulb 2 (light), couch back (light), bedroom (light), Remote control (remote), tv (light)
[1780217959] [pagehide] webview pagehide (possible shutdown)
[1780218037] [error] unhandledRejection: AggregateError
[1780218037] [unhandled rejection] Error: Error invoking remote method 'http:fetchSend': AggregateError
Error: Error invoking remote method 'http:fetchSend': AggregateError
[1780218041] [unhandled rejection] Error: No light selected
Error: No light selected
    at Option.expect (http://localhost:3000/_build/@fs/G:/coding/MacroGraph/packages/option/src/index.ts:58:11)
    at Object.run (http://localhost:3000/_build/@fs/G:/coding/MacroGraph/packages/packages/src/ikea/index.ts?t=1780218023334:285:59)
    at Object.run (http://localhost:3000/_build/@fs/G:/coding/MacroGraph/packages/runtime/src/models/Package.ts:103:22)
    at ExecutionContext.execNode (http://localhost:3000/_build/@fs/G:/coding/MacroGraph/packages/runtime/src/models/Core.ts:432:43)
    at async Option.peekAsync (http://localhost:3000/_build/@fs/G:/coding/MacroGraph/packages/option/src/index.ts:68:7)
    at async Object.exec (http://localhost:3000/_build/@fs/G:/coding/MacroGraph/packages/runtime/src/models/Core.ts:338:9)
[1780218043] [unhandled rejection] Error: No light selected
Error: No light selected
    at Option.expect (http://localhost:3000/_build/@fs/G:/coding/MacroGraph/packages/option/src/index.ts:58:11)
    at Object.run (http://localhost:3000/_build/@fs/G:/coding/MacroGraph/packages/packages/src/ikea/index.ts?t=1780218023334:285:59)
    at Object.run (http://localhost:3000/_build/@fs/G:/coding/MacroGraph/packages/runtime/src/models/Package.ts:103:22)
    at ExecutionContext.execNode (http://localhost:3000/_build/@fs/G:/coding/MacroGraph/packages/runtime/src/models/Core.ts:432:43)
    at async Option.peekAsync (http://localhost:3000/_build/@fs/G:/coding/MacroGraph/packages/option/src/index.ts:68:7)
    at async Object.exec (http://localhost:3000/_build/@fs/G:/coding/MacroGraph/packages/runtime/src/models/Core.ts:338:9)
[1780218044] [unhandled rejection] Error: No light selected
Error: No light selected
    at Option.expect (http://localhost:3000/_build/@fs/G:/coding/MacroGraph/packages/option/src/index.ts:58:11)
    at Object.run (http://localhost:3000/_build/@fs/G:/coding/MacroGraph/packages/packages/src/ikea/index.ts?t=1780218023334:285:59)
    at Object.run (http://localhost:3000/_build/@fs/G:/coding/MacroGraph/packages/runtime/src/models/Package.ts:103:22)
    at ExecutionContext.execNode (http://localhost:3000/_build/@fs/G:/coding/MacroGraph/packages/runtime/src/models/Core.ts:432:43)
    at async Option.peekAsync (http://localhost:3000/_build/@fs/G:/coding/MacroGraph/packages/option/src/index.ts:68:7)
    at async Object.exec (http://localhost:3000/_build/@fs/G:/coding/MacroGraph/packages/runtime/src/models/Core.ts:338:9)
[1780218056] [pagehide] webview pagehide (possible shutdown)
[1780218060] [unhandled rejection] TypeError: bridge.getDevice is not a function
TypeError: bridge.getDevice is not a function
    at Object.run (http://localhost:3000/_build/@fs/G:/coding/MacroGraph/packages/packages/src/ikea/index.ts?t=1780218023334:288:51)
    at Object.run (http://localhost:3000/_build/@fs/G:/coding/MacroGraph/packages/runtime/src/models/Package.ts:103:22)
    at ExecutionContext.execNode (http://localhost:3000/_build/@fs/G:/coding/MacroGraph/packages/runtime/src/models/Core.ts:432:43)
    at async Option.peekAsync (http://localhost:3000/_build/@fs/G:/coding/MacroGraph/packages/option/src/index.ts:68:7)
    at async Object.exec (http://localhost:3000/_build/@fs/G:/coding/MacroGraph/packages/runtime/src/models/Core.ts:338:9)
[1780218088] [recovery] previous session (v42.3.0) did not exit cleanly (started 1780217567)
[1780218088] [startup] MacroGraph 42.3.0 started; log: G:\coding\MacroGraph\apps\desktop\logs\crash.log
[1780218334] [recovery] previous session (v42.3.0) did not exit cleanly (started 1780218088)
[1780218334] [startup] MacroGraph 42.3.0 started; log: G:\coding\MacroGraph\apps\desktop\logs\crash.log
[1780218383] [recovery] previous session (v42.3.0) did not exit cleanly (started 1780218334)
[1780218383] [startup] MacroGraph 42.3.0 started; log: G:\coding\MacroGraph\apps\desktop\logs\crash.log
[1780218662] [recovery] previous session (v42.3.0) did not exit cleanly (started 1780218383)
[1780218662] [startup] MacroGraph 42.3.0 started; log: G:\coding\MacroGraph\apps\desktop\logs\crash.log
[1780218773] [recovery] previous session (v42.3.0) did not exit cleanly (started 1780218662)
[1780218773] [startup] MacroGraph 42.3.0 started; log: G:\coding\MacroGraph\apps\desktop\logs\crash.log
[1780219002] [pagehide] webview pagehide (possible shutdown)
[1780219211] [pagehide] webview pagehide (possible shutdown)
[1780219241] [recovery] previous session (v42.3.0) did not exit cleanly (started 1780218773)
[1780219241] [startup] MacroGraph 42.3.0 started; log: G:\coding\MacroGraph\apps\desktop\logs\crash.log
[1780219272] [pagehide] webview pagehide (possible shutdown)
[1780219751] [pagehide] webview pagehide (possible shutdown)
[1780219766] [pagehide] webview pagehide (possible shutdown)
[1780219802] [pagehide] webview pagehide (possible shutdown)
[1780219840] [pagehide] webview pagehide (possible shutdown)
[1780219854] [pagehide] webview pagehide (possible shutdown)
[1780219887] [pagehide] webview pagehide (possible shutdown)
[1780220155] [recovery] previous session (v42.3.0) did not exit cleanly (started 1780219241)
[1780220155] [startup] MacroGraph 42.3.0 started; log: G:\coding\MacroGraph\apps\desktop\logs\crash.log
[1780221076] [recovery] previous session (v42.3.0) did not exit cleanly (started 1780220155)
[1780221076] [startup] MacroGraph 42.3.0 started; log: G:\coding\MacroGraph\apps\desktop\logs\crash.log
[1780221091] [pagehide] webview pagehide (possible shutdown)
[1780221568] [recovery] previous session (v42.3.0) did not exit cleanly (started 1780221076)
[1780221568] [startup] MacroGraph 42.3.0 started; log: G:\coding\MacroGraph\apps\desktop\logs\crash.log
[1780221773] [recovery] previous session (v42.3.0) did not exit cleanly (started 1780221568)
[1780221773] [startup] MacroGraph 42.3.0 started; log: G:\coding\MacroGraph\apps\desktop\logs\crash.log
[1780221881] [recovery] previous session (v42.3.0) did not exit cleanly (started 1780221773)
[1780221881] [startup] MacroGraph 42.3.0 started; log: G:\coding\MacroGraph\apps\desktop\logs\crash.log
[1780222351] [recovery] previous session (v42.3.0) did not exit cleanly (started 1780221881)
[1780222351] [startup] MacroGraph 42.3.0 started; log: G:\coding\MacroGraph\apps\desktop\logs\crash.log
[1780222738] [recovery] previous session (v42.3.0) did not exit cleanly (started 1780222351)
[1780222738] [startup] MacroGraph 42.3.0 started; log: G:\coding\MacroGraph\apps\desktop\logs\crash.log
[1780222881] [recovery] previous session (v42.3.0) did not exit cleanly (started 1780222738)
[1780222881] [startup] MacroGraph 42.3.0 started; log: G:\coding\MacroGraph\apps\desktop\logs\crash.log
[1780223328] [recovery] previous session (v42.3.0) did not exit cleanly (started 1780222881)
[1780223328] [startup] MacroGraph 42.3.0 started; log: G:\coding\MacroGraph\apps\desktop\logs\crash.log
[1780223381] [recovery] previous session (v42.3.0) did not exit cleanly (started 1780223328)
[1780223381] [startup] MacroGraph 42.3.0 started; log: G:\coding\MacroGraph\apps\desktop\logs\crash.log
[1780223398] [pagehide] webview pagehide (possible shutdown)
[1780223416] [exit] window-all-closed
[1780223416] [exit] application Exit
[1780223541] [startup] MacroGraph 42.3.0 started; log: G:\coding\MacroGraph\apps\desktop\logs\crash.log
[1780223648] [recovery] previous session (v42.3.0) did not exit cleanly (started 1780223541)
[1780223648] [startup] MacroGraph 42.3.0 started; log: G:\coding\MacroGraph\apps\desktop\logs\crash.log
[1780223687] [pagehide] webview pagehide (possible shutdown)
[1780223764] [recovery] previous session (v42.3.0) did not exit cleanly (started 1780223648)
[1780223764] [startup] MacroGraph 42.3.0 started; log: G:\coding\MacroGraph\apps\desktop\logs\crash.log
[1780223813] [recovery] previous session (v42.3.0) did not exit cleanly (started 1780223764)
[1780223813] [startup] MacroGraph 42.3.0 started; log: G:\coding\MacroGraph\apps\desktop\logs\crash.log
[1780224155] [pagehide] webview pagehide (possible shutdown)
[1780224158] [pagehide] webview pagehide (possible shutdown)
[1780224196] [recovery] previous session (v42.3.0) did not exit cleanly (started 1780223813)
[1780224196] [startup] MacroGraph 42.3.0 started; log: G:\coding\MacroGraph\apps\desktop\logs\crash.log
[1780224214] [unhandled rejection] Error: No light selected
Error: No light selected
    at Option.expect (http://localhost:3000/_build/@fs/G:/coding/MacroGraph/packages/option/src/index.ts:58:11)
    at Object.run (http://localhost:3000/_build/@fs/G:/coding/MacroGraph/packages/packages/src/lifx/index.ts:155:59)
    at Object.run (http://localhost:3000/_build/@fs/G:/coding/MacroGraph/packages/runtime/src/models/Package.ts:103:22)
    at ExecutionContext.execNode (http://localhost:3000/_build/@fs/G:/coding/MacroGraph/packages/runtime/src/models/Core.ts:432:43)
    at async Option.peekAsync (http://localhost:3000/_build/@fs/G:/coding/MacroGraph/packages/option/src/index.ts:68:7)
    at async Object.exec (http://localhost:3000/_build/@fs/G:/coding/MacroGraph/packages/runtime/src/models/Core.ts:338:9)
[1780224214] [unhandled rejection] Error: No light selected
Error: No light selected
    at Option.expect (http://localhost:3000/_build/@fs/G:/coding/MacroGraph/packages/option/src/index.ts:58:11)
    at Object.run (http://localhost:3000/_build/@fs/G:/coding/MacroGraph/packages/packages/src/lifx/index.ts:155:59)
    at Object.run (http://localhost:3000/_build/@fs/G:/coding/MacroGraph/packages/runtime/src/models/Package.ts:103:22)
    at ExecutionContext.execNode (http://localhost:3000/_build/@fs/G:/coding/MacroGraph/packages/runtime/src/models/Core.ts:432:43)
    at async Option.peekAsync (http://localhost:3000/_build/@fs/G:/coding/MacroGraph/packages/option/src/index.ts:68:7)
    at async Object.exec (http://localhost:3000/_build/@fs/G:/coding/MacroGraph/packages/runtime/src/models/Core.ts:338:9)
[1780224214] [unhandled rejection] Error: No light selected
Error: No light selected
    at Option.expect (http://localhost:3000/_build/@fs/G:/coding/MacroGraph/packages/option/src/index.ts:58:11)
    at Object.run (http://localhost:3000/_build/@fs/G:/coding/MacroGraph/packages/packages/src/lifx/index.ts:155:59)
    at Object.run (http://localhost:3000/_build/@fs/G:/coding/MacroGraph/packages/runtime/src/models/Package.ts:103:22)
    at ExecutionContext.execNode (http://localhost:3000/_build/@fs/G:/coding/MacroGraph/packages/runtime/src/models/Core.ts:432:43)
    at async Option.peekAsync (http://localhost:3000/_build/@fs/G:/coding/MacroGraph/packages/option/src/index.ts:68:7)
    at async Object.exec (http://localhost:3000/_build/@fs/G:/coding/MacroGraph/packages/runtime/src/models/Core.ts:338:9)
[1780224214] [unhandled rejection] Error: No light selected
Error: No light selected
    at Option.expect (http://localhost:3000/_build/@fs/G:/coding/MacroGraph/packages/option/src/index.ts:58:11)
    at Object.run (http://localhost:3000/_build/@fs/G:/coding/MacroGraph/packages/packages/src/lifx/index.ts:155:59)
    at Object.run (http://localhost:3000/_build/@fs/G:/coding/MacroGraph/packages/runtime/src/models/Package.ts:103:22)
    at ExecutionContext.execNode (http://localhost:3000/_build/@fs/G:/coding/MacroGraph/packages/runtime/src/models/Core.ts:432:43)
    at async Option.peekAsync (http://localhost:3000/_build/@fs/G:/coding/MacroGraph/packages/option/src/index.ts:68:7)
    at async Object.exec (http://localhost:3000/_build/@fs/G:/coding/MacroGraph/packages/runtime/src/models/Core.ts:338:9)
[1780224275] [recovery] previous session (v42.3.0) did not exit cleanly (started 1780224196)
[1780224275] [startup] MacroGraph 42.3.0 started; log: G:\coding\MacroGraph\apps\desktop\logs\crash.log
[1780224284] [unhandled rejection] Error: No light selected
Error: No light selected
    at Option.expect (http://localhost:3000/_build/@fs/G:/coding/MacroGraph/packages/option/src/index.ts:58:11)
    at Object.run (http://localhost:3000/_build/@fs/G:/coding/MacroGraph/packages/packages/src/lifx/index.ts:155:59)
    at Object.run (http://localhost:3000/_build/@fs/G:/coding/MacroGraph/packages/runtime/src/models/Package.ts:103:22)
    at ExecutionContext.execNode (http://localhost:3000/_build/@fs/G:/coding/MacroGraph/packages/runtime/src/models/Core.ts:432:43)
    at async Option.peekAsync (http://localhost:3000/_build/@fs/G:/coding/MacroGraph/packages/option/src/index.ts:68:7)
    at async Object.exec (http://localhost:3000/_build/@fs/G:/coding/MacroGraph/packages/runtime/src/models/Core.ts:338:9)
[1780224284] [unhandled rejection] Error: No light selected
Error: No light selected
    at Option.expect (http://localhost:3000/_build/@fs/G:/coding/MacroGraph/packages/option/src/index.ts:58:11)
    at Object.run (http://localhost:3000/_build/@fs/G:/coding/MacroGraph/packages/packages/src/lifx/index.ts:155:59)
    at Object.run (http://localhost:3000/_build/@fs/G:/coding/MacroGraph/packages/runtime/src/models/Package.ts:103:22)
    at ExecutionContext.execNode (http://localhost:3000/_build/@fs/G:/coding/MacroGraph/packages/runtime/src/models/Core.ts:432:43)
    at async Option.peekAsync (http://localhost:3000/_build/@fs/G:/coding/MacroGraph/packages/option/src/index.ts:68:7)
    at async Object.exec (http://localhost:3000/_build/@fs/G:/coding/MacroGraph/packages/runtime/src/models/Core.ts:338:9)
[1780224284] [unhandled rejection] Error: No light selected
Error: No light selected
    at Option.expect (http://localhost:3000/_build/@fs/G:/coding/MacroGraph/packages/option/src/index.ts:58:11)
    at Object.run (http://localhost:3000/_build/@fs/G:/coding/MacroGraph/packages/packages/src/lifx/index.ts:155:59)
    at Object.run (http://localhost:3000/_build/@fs/G:/coding/MacroGraph/packages/runtime/src/models/Package.ts:103:22)
    at ExecutionContext.execNode (http://localhost:3000/_build/@fs/G:/coding/MacroGraph/packages/runtime/src/models/Core.ts:432:43)
    at async Option.peekAsync (http://localhost:3000/_build/@fs/G:/coding/MacroGraph/packages/option/src/index.ts:68:7)
    at async Object.exec (http://localhost:3000/_build/@fs/G:/coding/MacroGraph/packages/runtime/src/models/Core.ts:338:9)
[1780224284] [unhandled rejection] Error: No light selected
Error: No light selected
    at Option.expect (http://localhost:3000/_build/@fs/G:/coding/MacroGraph/packages/option/src/index.ts:58:11)
    at Object.run (http://localhost:3000/_build/@fs/G:/coding/MacroGraph/packages/packages/src/lifx/index.ts:155:59)
    at Object.run (http://localhost:3000/_build/@fs/G:/coding/MacroGraph/packages/runtime/src/models/Package.ts:103:22)
    at ExecutionContext.execNode (http://localhost:3000/_build/@fs/G:/coding/MacroGraph/packages/runtime/src/models/Core.ts:432:43)
    at async Option.peekAsync (http://localhost:3000/_build/@fs/G:/coding/MacroGraph/packages/option/src/index.ts:68:7)
    at async Object.exec (http://localhost:3000/_build/@fs/G:/coding/MacroGraph/packages/runtime/src/models/Core.ts:338:9)
[1780224294] [unhandled rejection] Error: No light selected
Error: No light selected
    at Option.expect (http://localhost:3000/_build/@fs/G:/coding/MacroGraph/packages/option/src/index.ts:58:11)
    at Object.run (http://localhost:3000/_build/@fs/G:/coding/MacroGraph/packages/packages/src/lifx/index.ts:155:59)
    at Object.run (http://localhost:3000/_build/@fs/G:/coding/MacroGraph/packages/runtime/src/models/Package.ts:103:22)
    at ExecutionContext.execNode (http://localhost:3000/_build/@fs/G:/coding/MacroGraph/packages/runtime/src/models/Core.ts:432:43)
    at async Option.peekAsync (http://localhost:3000/_build/@fs/G:/coding/MacroGraph/packages/option/src/index.ts:68:7)
    at async Object.exec (http://localhost:3000/_build/@fs/G:/coding/MacroGraph/packages/runtime/src/models/Core.ts:338:9)
[1780224294] [unhandled rejection] Error: No light selected
Error: No light selected
    at Option.expect (http://localhost:3000/_build/@fs/G:/coding/MacroGraph/packages/option/src/index.ts:58:11)
    at Object.run (http://localhost:3000/_build/@fs/G:/coding/MacroGraph/packages/packages/src/lifx/index.ts:155:59)
    at Object.run (http://localhost:3000/_build/@fs/G:/coding/MacroGraph/packages/runtime/src/models/Package.ts:103:22)
    at ExecutionContext.execNode (http://localhost:3000/_build/@fs/G:/coding/MacroGraph/packages/runtime/src/models/Core.ts:432:43)
    at async Option.peekAsync (http://localhost:3000/_build/@fs/G:/coding/MacroGraph/packages/option/src/index.ts:68:7)
    at async Object.exec (http://localhost:3000/_build/@fs/G:/coding/MacroGraph/packages/runtime/src/models/Core.ts:338:9)
[1780224294] [unhandled rejection] Error: No light selected
Error: No light selected
    at Option.expect (http://localhost:3000/_build/@fs/G:/coding/MacroGraph/packages/option/src/index.ts:58:11)
    at Object.run (http://localhost:3000/_build/@fs/G:/coding/MacroGraph/packages/packages/src/lifx/index.ts:155:59)
    at Object.run (http://localhost:3000/_build/@fs/G:/coding/MacroGraph/packages/runtime/src/models/Package.ts:103:22)
    at ExecutionContext.execNode (http://localhost:3000/_build/@fs/G:/coding/MacroGraph/packages/runtime/src/models/Core.ts:432:43)
    at async Option.peekAsync (http://localhost:3000/_build/@fs/G:/coding/MacroGraph/packages/option/src/index.ts:68:7)
    at async Object.exec (http://localhost:3000/_build/@fs/G:/coding/MacroGraph/packages/runtime/src/models/Core.ts:338:9)
[1780224294] [unhandled rejection] Error: No light selected
Error: No light selected
    at Option.expect (http://localhost:3000/_build/@fs/G:/coding/MacroGraph/packages/option/src/index.ts:58:11)
    at Object.run (http://localhost:3000/_build/@fs/G:/coding/MacroGraph/packages/packages/src/lifx/index.ts:155:59)
    at Object.run (http://localhost:3000/_build/@fs/G:/coding/MacroGraph/packages/runtime/src/models/Package.ts:103:22)
    at ExecutionContext.execNode (http://localhost:3000/_build/@fs/G:/coding/MacroGraph/packages/runtime/src/models/Core.ts:432:43)
    at async Option.peekAsync (http://localhost:3000/_build/@fs/G:/coding/MacroGraph/packages/option/src/index.ts:68:7)
    at async Object.exec (http://localhost:3000/_build/@fs/G:/coding/MacroGraph/packages/runtime/src/models/Core.ts:338:9)
[1780224329] [pagehide] webview pagehide (possible shutdown)
[1780224329] [unhandled rejection] Error: No light selected
Error: No light selected
    at Option.expect (http://localhost:3000/_build/@fs/G:/coding/MacroGraph/packages/option/src/index.ts:58:11)
    at Object.run (http://localhost:3000/_build/@fs/G:/coding/MacroGraph/packages/packages/src/lifx/index.ts:155:59)
    at Object.run (http://localhost:3000/_build/@fs/G:/coding/MacroGraph/packages/runtime/src/models/Package.ts:103:22)
    at ExecutionContext.execNode (http://localhost:3000/_build/@fs/G:/coding/MacroGraph/packages/runtime/src/models/Core.ts:432:43)
    at async Option.peekAsync (http://localhost:3000/_build/@fs/G:/coding/MacroGraph/packages/option/src/index.ts:68:7)
    at async Object.exec (http://localhost:3000/_build/@fs/G:/coding/MacroGraph/packages/runtime/src/models/Core.ts:338:9)
[1780224329] [unhandled rejection] Error: No light selected
Error: No light selected
    at Option.expect (http://localhost:3000/_build/@fs/G:/coding/MacroGraph/packages/option/src/index.ts:58:11)
    at Object.run (http://localhost:3000/_build/@fs/G:/coding/MacroGraph/packages/packages/src/lifx/index.ts:155:59)
    at Object.run (http://localhost:3000/_build/@fs/G:/coding/MacroGraph/packages/runtime/src/models/Package.ts:103:22)
    at ExecutionContext.execNode (http://localhost:3000/_build/@fs/G:/coding/MacroGraph/packages/runtime/src/models/Core.ts:432:43)
    at async Option.peekAsync (http://localhost:3000/_build/@fs/G:/coding/MacroGraph/packages/option/src/index.ts:68:7)
    at async Object.exec (http://localhost:3000/_build/@fs/G:/coding/MacroGraph/packages/runtime/src/models/Core.ts:338:9)
[1780224329] [unhandled rejection] Error: No light selected
Error: No light selected
    at Option.expect (http://localhost:3000/_build/@fs/G:/coding/MacroGraph/packages/option/src/index.ts:58:11)
    at Object.run (http://localhost:3000/_build/@fs/G:/coding/MacroGraph/packages/packages/src/lifx/index.ts:155:59)
    at Object.run (http://localhost:3000/_build/@fs/G:/coding/MacroGraph/packages/runtime/src/models/Package.ts:103:22)
    at ExecutionContext.execNode (http://localhost:3000/_build/@fs/G:/coding/MacroGraph/packages/runtime/src/models/Core.ts:432:43)
    at async Option.peekAsync (http://localhost:3000/_build/@fs/G:/coding/MacroGraph/packages/option/src/index.ts:68:7)
    at async Object.exec (http://localhost:3000/_build/@fs/G:/coding/MacroGraph/packages/runtime/src/models/Core.ts:338:9)
[1780224329] [unhandled rejection] Error: No light selected
Error: No light selected
    at Option.expect (http://localhost:3000/_build/@fs/G:/coding/MacroGraph/packages/option/src/index.ts:58:11)
    at Object.run (http://localhost:3000/_build/@fs/G:/coding/MacroGraph/packages/packages/src/lifx/index.ts:155:59)
    at Object.run (http://localhost:3000/_build/@fs/G:/coding/MacroGraph/packages/runtime/src/models/Package.ts:103:22)
    at ExecutionContext.execNode (http://localhost:3000/_build/@fs/G:/coding/MacroGraph/packages/runtime/src/models/Core.ts:432:43)
    at async Option.peekAsync (http://localhost:3000/_build/@fs/G:/coding/MacroGraph/packages/option/src/index.ts:68:7)
    at async Object.exec (http://localhost:3000/_build/@fs/G:/coding/MacroGraph/packages/runtime/src/models/Core.ts:338:9)
[1780224464] [recovery] previous session (v42.3.0) did not exit cleanly (started 1780224275)
[1780224464] [startup] MacroGraph 42.3.0 started; log: G:\coding\MacroGraph\apps\desktop\logs\crash.log
[1780224472] [unhandled rejection] Error: No light selected
Error: No light selected
    at Option.expect (http://localhost:3000/_build/@fs/G:/coding/MacroGraph/packages/option/src/index.ts:58:11)
    at Object.run (http://localhost:3000/_build/@fs/G:/coding/MacroGraph/packages/packages/src/lifx/index.ts:183:59)
    at Object.run (http://localhost:3000/_build/@fs/G:/coding/MacroGraph/packages/runtime/src/models/Package.ts:103:22)
    at ExecutionContext.execNode (http://localhost:3000/_build/@fs/G:/coding/MacroGraph/packages/runtime/src/models/Core.ts:432:43)
    at async Option.peekAsync (http://localhost:3000/_build/@fs/G:/coding/MacroGraph/packages/option/src/index.ts:68:7)
    at async Object.exec (http://localhost:3000/_build/@fs/G:/coding/MacroGraph/packages/runtime/src/models/Core.ts:338:9)
[1780224472] [unhandled rejection] Error: No light selected
Error: No light selected
    at Option.expect (http://localhost:3000/_build/@fs/G:/coding/MacroGraph/packages/option/src/index.ts:58:11)
    at Object.run (http://localhost:3000/_build/@fs/G:/coding/MacroGraph/packages/packages/src/lifx/index.ts:183:59)
    at Object.run (http://localhost:3000/_build/@fs/G:/coding/MacroGraph/packages/runtime/src/models/Package.ts:103:22)
    at ExecutionContext.execNode (http://localhost:3000/_build/@fs/G:/coding/MacroGraph/packages/runtime/src/models/Core.ts:432:43)
    at async Option.peekAsync (http://localhost:3000/_build/@fs/G:/coding/MacroGraph/packages/option/src/index.ts:68:7)
    at async Object.exec (http://localhost:3000/_build/@fs/G:/coding/MacroGraph/packages/runtime/src/models/Core.ts:338:9)
[1780224472] [unhandled rejection] Error: No light selected
Error: No light selected
    at Option.expect (http://localhost:3000/_build/@fs/G:/coding/MacroGraph/packages/option/src/index.ts:58:11)
    at Object.run (http://localhost:3000/_build/@fs/G:/coding/MacroGraph/packages/packages/src/lifx/index.ts:183:59)
    at Object.run (http://localhost:3000/_build/@fs/G:/coding/MacroGraph/packages/runtime/src/models/Package.ts:103:22)
    at ExecutionContext.execNode (http://localhost:3000/_build/@fs/G:/coding/MacroGraph/packages/runtime/src/models/Core.ts:432:43)
    at async Option.peekAsync (http://localhost:3000/_build/@fs/G:/coding/MacroGraph/packages/option/src/index.ts:68:7)
    at async Object.exec (http://localhost:3000/_build/@fs/G:/coding/MacroGraph/packages/runtime/src/models/Core.ts:338:9)
[1780224472] [unhandled rejection] Error: No light selected
Error: No light selected
    at Option.expect (http://localhost:3000/_build/@fs/G:/coding/MacroGraph/packages/option/src/index.ts:58:11)
    at Object.run (http://localhost:3000/_build/@fs/G:/coding/MacroGraph/packages/packages/src/lifx/index.ts:183:59)
    at Object.run (http://localhost:3000/_build/@fs/G:/coding/MacroGraph/packages/runtime/src/models/Package.ts:103:22)
    at ExecutionContext.execNode (http://localhost:3000/_build/@fs/G:/coding/MacroGraph/packages/runtime/src/models/Core.ts:432:43)
    at async Option.peekAsync (http://localhost:3000/_build/@fs/G:/coding/MacroGraph/packages/option/src/index.ts:68:7)
    at async Object.exec (http://localhost:3000/_build/@fs/G:/coding/MacroGraph/packages/runtime/src/models/Core.ts:338:9)
[1780224552] [pagehide] webview pagehide (possible shutdown)
[1780224552] [exit] window-all-closed
[1780224552] [exit] application Exit
[1780224552] [panic] Error: No main window
Error: No main window
    at getWindow (G:\coding\MacroGraph\apps\desktop\dist-electron\main.js:181:15)
    at sendToRenderer (G:\coding\MacroGraph\apps\desktop\dist-electron\main.js:185:17)
    at WebSocket.<anonymous> (G:\coding\MacroGraph\apps\desktop\dist-electron\main.js:305:17)
    at WebSocket.emit (node:events:521:24)
    at WebSocket.emitClose (G:\coding\MacroGraph\node_modules\.pnpm\ws@8.21.0_bufferutil@4.1.0_utf-8-validate@5.0.10\node_modules\ws\lib\websocket.js:279:10)
    at Socket.socketOnClose (G:\coding\MacroGraph\node_modules\.pnpm\ws@8.21.0_bufferutil@4.1.0_utf-8-validate@5.0.10\node_modules\ws\lib\websocket.js:1360:15)
    at Socket.emit (node:events:509:28)
    at TCP.<anonymous> (node:net:350:12)
[1780225236] [startup] MacroGraph 42.3.0 started; log: G:\coding\MacroGraph\apps\desktop\logs\crash.log
[1780225242] [pagehide] webview pagehide (possible shutdown)
[1780225254] [pagehide] webview pagehide (possible shutdown)
[1780225297] [pagehide] webview pagehide (possible shutdown)
[1780225474] [unhandled rejection] Error: Error invoking remote method 'lifx:setColor': RangeError [ERR_OUT_OF_RANGE]: The value of "value" is out of range. It must be >= 0 and <= 65535. Received 166459
Error: Error invoking remote method 'lifx:setColor': RangeError [ERR_OUT_OF_RANGE]: The value of "value" is out of range. It must be >= 0 and <= 65535. Received 166459
[1780225484] [unhandled rejection] Error: Error invoking remote method 'lifx:setColor': RangeError [ERR_OUT_OF_RANGE]: The value of "value" is out of range. It must be >= 0 and <= 65535. Received 166459
Error: Error invoking remote method 'lifx:setColor': RangeError [ERR_OUT_OF_RANGE]: The value of "value" is out of range. It must be >= 0 and <= 65535. Received 166459
[1780225493] [unhandled rejection] Error: Error invoking remote method 'lifx:setColor': RangeError [ERR_OUT_OF_RANGE]: The value of "value" is out of range. It must be >= 0 and <= 65535. Received 166459
Error: Error invoking remote method 'lifx:setColor': RangeError [ERR_OUT_OF_RANGE]: The value of "value" is out of range. It must be >= 0 and <= 65535. Received 166459
[1780225494] [unhandled rejection] Error: Error invoking remote method 'lifx:setColor': RangeError [ERR_OUT_OF_RANGE]: The value of "value" is out of range. It must be >= 0 and <= 65535. Received 166459
Error: Error invoking remote method 'lifx:setColor': RangeError [ERR_OUT_OF_RANGE]: The value of "value" is out of range. It must be >= 0 and <= 65535. Received 166459
[1780225498] [unhandled rejection] Error: Error invoking remote method 'lifx:setColor': RangeError [ERR_OUT_OF_RANGE]: The value of "value" is out of range. It must be >= 0 and <= 65535. Received 166459
Error: Error invoking remote method 'lifx:setColor': RangeError [ERR_OUT_OF_RANGE]: The value of "value" is out of range. It must be >= 0 and <= 65535. Received 166459
[1780225513] [unhandled rejection] Error: Error invoking remote method 'lifx:setColor': RangeError [ERR_OUT_OF_RANGE]: The value of "value" is out of range. It must be >= 0 and <= 65535. Received 166459
Error: Error invoking remote method 'lifx:setColor': RangeError [ERR_OUT_OF_RANGE]: The value of "value" is out of range. It must be >= 0 and <= 65535. Received 166459
[1780225514] [unhandled rejection] Error: Error invoking remote method 'lifx:setColor': RangeError [ERR_OUT_OF_RANGE]: The value of "value" is out of range. It must be >= 0 and <= 65535. Received 166459
Error: Error invoking remote method 'lifx:setColor': RangeError [ERR_OUT_OF_RANGE]: The value of "value" is out of range. It must be >= 0 and <= 65535. Received 166459
[1780225518] [unhandled rejection] Error: Error invoking remote method 'lifx:setColor': RangeError [ERR_OUT_OF_RANGE]: The value of "value" is out of range. It must be >= 0 and <= 65535. Received 166459
Error: Error invoking remote method 'lifx:setColor': RangeError [ERR_OUT_OF_RANGE]: The value of "value" is out of range. It must be >= 0 and <= 65535. Received 166459
[1780225573] [unhandled rejection] Error: Error invoking remote method 'lifx:setColor': RangeError [ERR_OUT_OF_RANGE]: The value of "value" is out of range. It must be >= 0 and <= 65535. Received 166459
Error: Error invoking remote method 'lifx:setColor': RangeError [ERR_OUT_OF_RANGE]: The value of "value" is out of range. It must be >= 0 and <= 65535. Received 166459
[1780225574] [unhandled rejection] Error: Error invoking remote method 'lifx:setColor': RangeError [ERR_OUT_OF_RANGE]: The value of "value" is out of range. It must be >= 0 and <= 65535. Received 166459
Error: Error invoking remote method 'lifx:setColor': RangeError [ERR_OUT_OF_RANGE]: The value of "value" is out of range. It must be >= 0 and <= 65535. Received 166459
[1780225578] [unhandled rejection] Error: Error invoking remote method 'lifx:setColor': RangeError [ERR_OUT_OF_RANGE]: The value of "value" is out of range. It must be >= 0 and <= 65535. Received 166459
Error: Error invoking remote method 'lifx:setColor': RangeError [ERR_OUT_OF_RANGE]: The value of "value" is out of range. It must be >= 0 and <= 65535. Received 166459
[1780225583] [unhandled rejection] Error: Error invoking remote method 'lifx:setColor': RangeError [ERR_OUT_OF_RANGE]: The value of "value" is out of range. It must be >= 0 and <= 65535. Received 166459
Error: Error invoking remote method 'lifx:setColor': RangeError [ERR_OUT_OF_RANGE]: The value of "value" is out of range. It must be >= 0 and <= 65535. Received 166459
[1780225584] [unhandled rejection] Error: Error invoking remote method 'lifx:setColor': RangeError [ERR_OUT_OF_RANGE]: The value of "value" is out of range. It must be >= 0 and <= 65535. Received 166459
Error: Error invoking remote method 'lifx:setColor': RangeError [ERR_OUT_OF_RANGE]: The value of "value" is out of range. It must be >= 0 and <= 65535. Received 166459
[1780225588] [unhandled rejection] Error: Error invoking remote method 'lifx:setColor': RangeError [ERR_OUT_OF_RANGE]: The value of "value" is out of range. It must be >= 0 and <= 65535. Received 166459
Error: Error invoking remote method 'lifx:setColor': RangeError [ERR_OUT_OF_RANGE]: The value of "value" is out of range. It must be >= 0 and <= 65535. Received 166459
[1780226079] [recovery] previous session (v42.3.0) did not exit cleanly (started 1780225236)
[1780226079] [startup] MacroGraph 42.3.0 started; log: G:\coding\MacroGraph\apps\desktop\logs\crash.log
[1780226099] [unhandled rejection] Error: Error invoking remote method 'lifx:setColor': RangeError [ERR_OUT_OF_RANGE]: The value of "value" is out of range. It must be >= 0 and <= 65535. Received 166459
Error: Error invoking remote method 'lifx:setColor': RangeError [ERR_OUT_OF_RANGE]: The value of "value" is out of range. It must be >= 0 and <= 65535. Received 166459
[1780226099] [unhandled rejection] Error: Error invoking remote method 'lifx:setColor': RangeError [ERR_OUT_OF_RANGE]: The value of "value" is out of range. It must be >= 0 and <= 65535. Received 166459
Error: Error invoking remote method 'lifx:setColor': RangeError [ERR_OUT_OF_RANGE]: The value of "value" is out of range. It must be >= 0 and <= 65535. Received 166459
[1780227165] [pagehide] webview pagehide (possible shutdown)
[1780227166] [unhandled rejection] Error: No light selected
Error: No light selected
    at Option.expect (http://localhost:3000/_build/@fs/G:/coding/MacroGraph/packages/option/src/index.ts:58:11)
    at Object.run (http://localhost:3000/_build/@fs/G:/coding/MacroGraph/packages/packages/src/lifx/index.ts:183:59)
    at Object.run (http://localhost:3000/_build/@fs/G:/coding/MacroGraph/packages/runtime/src/models/Package.ts:103:22)
    at ExecutionContext.execNode (http://localhost:3000/_build/@fs/G:/coding/MacroGraph/packages/runtime/src/models/Core.ts:432:43)
    at async Option.peekAsync (http://localhost:3000/_build/@fs/G:/coding/MacroGraph/packages/option/src/index.ts:68:7)
    at async Object.exec (http://localhost:3000/_build/@fs/G:/coding/MacroGraph/packages/runtime/src/models/Core.ts:338:9)
[1780227166] [unhandled rejection] Error: No light selected
Error: No light selected
    at Option.expect (http://localhost:3000/_build/@fs/G:/coding/MacroGraph/packages/option/src/index.ts:58:11)
    at Object.run (http://localhost:3000/_build/@fs/G:/coding/MacroGraph/packages/packages/src/lifx/index.ts:183:59)
    at Object.run (http://localhost:3000/_build/@fs/G:/coding/MacroGraph/packages/runtime/src/models/Package.ts:103:22)
    at ExecutionContext.execNode (http://localhost:3000/_build/@fs/G:/coding/MacroGraph/packages/runtime/src/models/Core.ts:432:43)
    at async Option.peekAsync (http://localhost:3000/_build/@fs/G:/coding/MacroGraph/packages/option/src/index.ts:68:7)
    at async Object.exec (http://localhost:3000/_build/@fs/G:/coding/MacroGraph/packages/runtime/src/models/Core.ts:338:9)
[1780227166] [unhandled rejection] Error: No light selected
Error: No light selected
    at Option.expect (http://localhost:3000/_build/@fs/G:/coding/MacroGraph/packages/option/src/index.ts:58:11)
    at Object.run (http://localhost:3000/_build/@fs/G:/coding/MacroGraph/packages/packages/src/lifx/index.ts:183:59)
    at Object.run (http://localhost:3000/_build/@fs/G:/coding/MacroGraph/packages/runtime/src/models/Package.ts:103:22)
    at ExecutionContext.execNode (http://localhost:3000/_build/@fs/G:/coding/MacroGraph/packages/runtime/src/models/Core.ts:432:43)
    at async Option.peekAsync (http://localhost:3000/_build/@fs/G:/coding/MacroGraph/packages/option/src/index.ts:68:7)
    at async Object.exec (http://localhost:3000/_build/@fs/G:/coding/MacroGraph/packages/runtime/src/models/Core.ts:338:9)
[1780227166] [unhandled rejection] Error: No light selected
Error: No light selected
    at Option.expect (http://localhost:3000/_build/@fs/G:/coding/MacroGraph/packages/option/src/index.ts:58:11)
    at Object.run (http://localhost:3000/_build/@fs/G:/coding/MacroGraph/packages/packages/src/lifx/index.ts:183:59)
    at Object.run (http://localhost:3000/_build/@fs/G:/coding/MacroGraph/packages/runtime/src/models/Package.ts:103:22)
    at ExecutionContext.execNode (http://localhost:3000/_build/@fs/G:/coding/MacroGraph/packages/runtime/src/models/Core.ts:432:43)
    at async Option.peekAsync (http://localhost:3000/_build/@fs/G:/coding/MacroGraph/packages/option/src/index.ts:68:7)
    at async Object.exec (http://localhost:3000/_build/@fs/G:/coding/MacroGraph/packages/runtime/src/models/Core.ts:338:9)
[1780227230] [pagehide] webview pagehide (possible shutdown)
[1780227231] [unhandled rejection] Error: No light selected
Error: No light selected
    at Option.expect (http://localhost:3000/_build/@fs/G:/coding/MacroGraph/packages/option/src/index.ts:58:11)
    at Object.run (http://localhost:3000/_build/@fs/G:/coding/MacroGraph/packages/packages/src/lifx/index.ts?t=1780227206928:183:59)
    at Object.run (http://localhost:3000/_build/@fs/G:/coding/MacroGraph/packages/runtime/src/models/Package.ts:103:22)
    at ExecutionContext.execNode (http://localhost:3000/_build/@fs/G:/coding/MacroGraph/packages/runtime/src/models/Core.ts:432:43)
    at async Option.peekAsync (http://localhost:3000/_build/@fs/G:/coding/MacroGraph/packages/option/src/index.ts:68:7)
    at async Object.exec (http://localhost:3000/_build/@fs/G:/coding/MacroGraph/packages/runtime/src/models/Core.ts:338:9)
[1780227231] [unhandled rejection] Error: No light selected
Error: No light selected
    at Option.expect (http://localhost:3000/_build/@fs/G:/coding/MacroGraph/packages/option/src/index.ts:58:11)
    at Object.run (http://localhost:3000/_build/@fs/G:/coding/MacroGraph/packages/packages/src/lifx/index.ts?t=1780227206928:183:59)
    at Object.run (http://localhost:3000/_build/@fs/G:/coding/MacroGraph/packages/runtime/src/models/Package.ts:103:22)
    at ExecutionContext.execNode (http://localhost:3000/_build/@fs/G:/coding/MacroGraph/packages/runtime/src/models/Core.ts:432:43)
    at async Option.peekAsync (http://localhost:3000/_build/@fs/G:/coding/MacroGraph/packages/option/src/index.ts:68:7)
    at async Object.exec (http://localhost:3000/_build/@fs/G:/coding/MacroGraph/packages/runtime/src/models/Core.ts:338:9)
[1780227231] [unhandled rejection] Error: No light selected
Error: No light selected
    at Option.expect (http://localhost:3000/_build/@fs/G:/coding/MacroGraph/packages/option/src/index.ts:58:11)
    at Object.run (http://localhost:3000/_build/@fs/G:/coding/MacroGraph/packages/packages/src/lifx/index.ts?t=1780227206928:183:59)
    at Object.run (http://localhost:3000/_build/@fs/G:/coding/MacroGraph/packages/runtime/src/models/Package.ts:103:22)
    at ExecutionContext.execNode (http://localhost:3000/_build/@fs/G:/coding/MacroGraph/packages/runtime/src/models/Core.ts:432:43)
    at async Option.peekAsync (http://localhost:3000/_build/@fs/G:/coding/MacroGraph/packages/option/src/index.ts:68:7)
    at async Object.exec (http://localhost:3000/_build/@fs/G:/coding/MacroGraph/packages/runtime/src/models/Core.ts:338:9)
[1780227231] [unhandled rejection] Error: No light selected
Error: No light selected
    at Option.expect (http://localhost:3000/_build/@fs/G:/coding/MacroGraph/packages/option/src/index.ts:58:11)
    at Object.run (http://localhost:3000/_build/@fs/G:/coding/MacroGraph/packages/packages/src/lifx/index.ts?t=1780227206928:183:59)
    at Object.run (http://localhost:3000/_build/@fs/G:/coding/MacroGraph/packages/runtime/src/models/Package.ts:103:22)
    at ExecutionContext.execNode (http://localhost:3000/_build/@fs/G:/coding/MacroGraph/packages/runtime/src/models/Core.ts:432:43)
    at async Option.peekAsync (http://localhost:3000/_build/@fs/G:/coding/MacroGraph/packages/option/src/index.ts:68:7)
    at async Object.exec (http://localhost:3000/_build/@fs/G:/coding/MacroGraph/packages/runtime/src/models/Core.ts:338:9)
[1780227242] [recovery] previous session (v42.3.0) did not exit cleanly (started 1780226079)
[1780227242] [startup] MacroGraph 42.3.0 started; log: G:\coding\MacroGraph\apps\desktop\logs\crash.log
[1780227251] [unhandled rejection] Error: No light selected
Error: No light selected
    at Option.expect (http://localhost:3000/_build/@fs/G:/coding/MacroGraph/packages/option/src/index.ts:58:11)
    at Object.run (http://localhost:3000/_build/@fs/G:/coding/MacroGraph/packages/packages/src/lifx/index.ts:183:59)
    at Object.run (http://localhost:3000/_build/@fs/G:/coding/MacroGraph/packages/runtime/src/models/Package.ts:103:22)
    at ExecutionContext.execNode (http://localhost:3000/_build/@fs/G:/coding/MacroGraph/packages/runtime/src/models/Core.ts:432:43)
    at async Option.peekAsync (http://localhost:3000/_build/@fs/G:/coding/MacroGraph/packages/option/src/index.ts:68:7)
    at async Object.exec (http://localhost:3000/_build/@fs/G:/coding/MacroGraph/packages/runtime/src/models/Core.ts:338:9)
[1780227329] [recovery] previous session (v42.3.0) did not exit cleanly (started 1780227242)
[1780227329] [startup] MacroGraph 42.3.0 started; log: G:\coding\MacroGraph\apps\desktop\logs\crash.log
[1780227348] [unhandled rejection] Error: No light selected
Error: No light selected
    at Option.expect (http://localhost:3000/_build/@fs/G:/coding/MacroGraph/packages/option/src/index.ts:58:11)
    at Object.run (http://localhost:3000/_build/@fs/G:/coding/MacroGraph/packages/packages/src/lifx/index.ts:183:59)
    at Object.run (http://localhost:3000/_build/@fs/G:/coding/MacroGraph/packages/runtime/src/models/Package.ts:103:22)
    at ExecutionContext.execNode (http://localhost:3000/_build/@fs/G:/coding/MacroGraph/packages/runtime/src/models/Core.ts:432:43)
    at async Option.peekAsync (http://localhost:3000/_build/@fs/G:/coding/MacroGraph/packages/option/src/index.ts:68:7)
    at async Object.exec (http://localhost:3000/_build/@fs/G:/coding/MacroGraph/packages/runtime/src/models/Core.ts:338:9)
[1780227348] [unhandled rejection] Error: No light selected
Error: No light selected
    at Option.expect (http://localhost:3000/_build/@fs/G:/coding/MacroGraph/packages/option/src/index.ts:58:11)
    at Object.run (http://localhost:3000/_build/@fs/G:/coding/MacroGraph/packages/packages/src/lifx/index.ts:183:59)
    at Object.run (http://localhost:3000/_build/@fs/G:/coding/MacroGraph/packages/runtime/src/models/Package.ts:103:22)
    at ExecutionContext.execNode (http://localhost:3000/_build/@fs/G:/coding/MacroGraph/packages/runtime/src/models/Core.ts:432:43)
    at async Option.peekAsync (http://localhost:3000/_build/@fs/G:/coding/MacroGraph/packages/option/src/index.ts:68:7)
    at async Object.exec (http://localhost:3000/_build/@fs/G:/coding/MacroGraph/packages/runtime/src/models/Core.ts:338:9)
[1780227348] [unhandled rejection] Error: No light selected
Error: No light selected
    at Option.expect (http://localhost:3000/_build/@fs/G:/coding/MacroGraph/packages/option/src/index.ts:58:11)
    at Object.run (http://localhost:3000/_build/@fs/G:/coding/MacroGraph/packages/packages/src/lifx/index.ts:183:59)
    at Object.run (http://localhost:3000/_build/@fs/G:/coding/MacroGraph/packages/runtime/src/models/Package.ts:103:22)
    at ExecutionContext.execNode (http://localhost:3000/_build/@fs/G:/coding/MacroGraph/packages/runtime/src/models/Core.ts:432:43)
    at async Option.peekAsync (http://localhost:3000/_build/@fs/G:/coding/MacroGraph/packages/option/src/index.ts:68:7)
    at async Object.exec (http://localhost:3000/_build/@fs/G:/coding/MacroGraph/packages/runtime/src/models/Core.ts:338:9)
[1780227348] [unhandled rejection] Error: No light selected
Error: No light selected
    at Option.expect (http://localhost:3000/_build/@fs/G:/coding/MacroGraph/packages/option/src/index.ts:58:11)
    at Object.run (http://localhost:3000/_build/@fs/G:/coding/MacroGraph/packages/packages/src/lifx/index.ts:183:59)
    at Object.run (http://localhost:3000/_build/@fs/G:/coding/MacroGraph/packages/runtime/src/models/Package.ts:103:22)
    at ExecutionContext.execNode (http://localhost:3000/_build/@fs/G:/coding/MacroGraph/packages/runtime/src/models/Core.ts:432:43)
    at async Option.peekAsync (http://localhost:3000/_build/@fs/G:/coding/MacroGraph/packages/option/src/index.ts:68:7)
    at async Object.exec (http://localhost:3000/_build/@fs/G:/coding/MacroGraph/packages/runtime/src/models/Core.ts:338:9)
[1780227364] [recovery] previous session (v42.3.0) did not exit cleanly (started 1780227329)
[1780227364] [startup] MacroGraph 42.3.0 started; log: G:\coding\MacroGraph\apps\desktop\logs\crash.log
[1780227378] [recovery] previous session (v42.3.0) did not exit cleanly (started 1780227364)
[1780227378] [startup] MacroGraph 42.3.0 started; log: G:\coding\MacroGraph\apps\desktop\logs\crash.log
[1780227387] [unhandled rejection] Error: No light selected
Error: No light selected
    at Option.expect (http://localhost:3000/_build/@fs/G:/coding/MacroGraph/packages/option/src/index.ts:58:11)
    at Object.run (http://localhost:3000/_build/@fs/G:/coding/MacroGraph/packages/packages/src/lifx/index.ts:183:59)
    at Object.run (http://localhost:3000/_build/@fs/G:/coding/MacroGraph/packages/runtime/src/models/Package.ts:103:22)
    at ExecutionContext.execNode (http://localhost:3000/_build/@fs/G:/coding/MacroGraph/packages/runtime/src/models/Core.ts:432:43)
    at async Option.peekAsync (http://localhost:3000/_build/@fs/G:/coding/MacroGraph/packages/option/src/index.ts:68:7)
    at async Object.exec (http://localhost:3000/_build/@fs/G:/coding/MacroGraph/packages/runtime/src/models/Core.ts:338:9)
[1780227387] [unhandled rejection] Error: No light selected
Error: No light selected
    at Option.expect (http://localhost:3000/_build/@fs/G:/coding/MacroGraph/packages/option/src/index.ts:58:11)
    at Object.run (http://localhost:3000/_build/@fs/G:/coding/MacroGraph/packages/packages/src/lifx/index.ts:183:59)
    at Object.run (http://localhost:3000/_build/@fs/G:/coding/MacroGraph/packages/runtime/src/models/Package.ts:103:22)
    at ExecutionContext.execNode (http://localhost:3000/_build/@fs/G:/coding/MacroGraph/packages/runtime/src/models/Core.ts:432:43)
    at async Option.peekAsync (http://localhost:3000/_build/@fs/G:/coding/MacroGraph/packages/option/src/index.ts:68:7)
    at async Object.exec (http://localhost:3000/_build/@fs/G:/coding/MacroGraph/packages/runtime/src/models/Core.ts:338:9)
[1780227387] [unhandled rejection] Error: No light selected
Error: No light selected
    at Option.expect (http://localhost:3000/_build/@fs/G:/coding/MacroGraph/packages/option/src/index.ts:58:11)
    at Object.run (http://localhost:3000/_build/@fs/G:/coding/MacroGraph/packages/packages/src/lifx/index.ts:183:59)
    at Object.run (http://localhost:3000/_build/@fs/G:/coding/MacroGraph/packages/runtime/src/models/Package.ts:103:22)
    at ExecutionContext.execNode (http://localhost:3000/_build/@fs/G:/coding/MacroGraph/packages/runtime/src/models/Core.ts:432:43)
    at async Option.peekAsync (http://localhost:3000/_build/@fs/G:/coding/MacroGraph/packages/option/src/index.ts:68:7)
    at async Object.exec (http://localhost:3000/_build/@fs/G:/coding/MacroGraph/packages/runtime/src/models/Core.ts:338:9)
[1780227387] [unhandled rejection] Error: No light selected
Error: No light selected
    at Option.expect (http://localhost:3000/_build/@fs/G:/coding/MacroGraph/packages/option/src/index.ts:58:11)
    at Object.run (http://localhost:3000/_build/@fs/G:/coding/MacroGraph/packages/packages/src/lifx/index.ts:183:59)
    at Object.run (http://localhost:3000/_build/@fs/G:/coding/MacroGraph/packages/runtime/src/models/Package.ts:103:22)
    at ExecutionContext.execNode (http://localhost:3000/_build/@fs/G:/coding/MacroGraph/packages/runtime/src/models/Core.ts:432:43)
    at async Option.peekAsync (http://localhost:3000/_build/@fs/G:/coding/MacroGraph/packages/option/src/index.ts:68:7)
    at async Object.exec (http://localhost:3000/_build/@fs/G:/coding/MacroGraph/packages/runtime/src/models/Core.ts:338:9)
[1780227397] [unhandled rejection] Error: No light selected
Error: No light selected
    at Option.expect (http://localhost:3000/_build/@fs/G:/coding/MacroGraph/packages/option/src/index.ts:58:11)
    at Object.run (http://localhost:3000/_build/@fs/G:/coding/MacroGraph/packages/packages/src/lifx/index.ts:183:59)
    at Object.run (http://localhost:3000/_build/@fs/G:/coding/MacroGraph/packages/runtime/src/models/Package.ts:103:22)
    at ExecutionContext.execNode (http://localhost:3000/_build/@fs/G:/coding/MacroGraph/packages/runtime/src/models/Core.ts:432:43)
    at async Option.peekAsync (http://localhost:3000/_build/@fs/G:/coding/MacroGraph/packages/option/src/index.ts:68:7)
    at async Object.exec (http://localhost:3000/_build/@fs/G:/coding/MacroGraph/packages/runtime/src/models/Core.ts:338:9)
[1780227397] [unhandled rejection] Error: No light selected
Error: No light selected
    at Option.expect (http://localhost:3000/_build/@fs/G:/coding/MacroGraph/packages/option/src/index.ts:58:11)
    at Object.run (http://localhost:3000/_build/@fs/G:/coding/MacroGraph/packages/packages/src/lifx/index.ts:183:59)
    at Object.run (http://localhost:3000/_build/@fs/G:/coding/MacroGraph/packages/runtime/src/models/Package.ts:103:22)
    at ExecutionContext.execNode (http://localhost:3000/_build/@fs/G:/coding/MacroGraph/packages/runtime/src/models/Core.ts:432:43)
    at async Option.peekAsync (http://localhost:3000/_build/@fs/G:/coding/MacroGraph/packages/option/src/index.ts:68:7)
    at async Object.exec (http://localhost:3000/_build/@fs/G:/coding/MacroGraph/packages/runtime/src/models/Core.ts:338:9)
[1780227397] [unhandled rejection] Error: No light selected
Error: No light selected
    at Option.expect (http://localhost:3000/_build/@fs/G:/coding/MacroGraph/packages/option/src/index.ts:58:11)
    at Object.run (http://localhost:3000/_build/@fs/G:/coding/MacroGraph/packages/packages/src/lifx/index.ts:183:59)
    at Object.run (http://localhost:3000/_build/@fs/G:/coding/MacroGraph/packages/runtime/src/models/Package.ts:103:22)
    at ExecutionContext.execNode (http://localhost:3000/_build/@fs/G:/coding/MacroGraph/packages/runtime/src/models/Core.ts:432:43)
    at async Option.peekAsync (http://localhost:3000/_build/@fs/G:/coding/MacroGraph/packages/option/src/index.ts:68:7)
    at async Object.exec (http://localhost:3000/_build/@fs/G:/coding/MacroGraph/packages/runtime/src/models/Core.ts:338:9)
[1780227397] [unhandled rejection] Error: No light selected
Error: No light selected
    at Option.expect (http://localhost:3000/_build/@fs/G:/coding/MacroGraph/packages/option/src/index.ts:58:11)
    at Object.run (http://localhost:3000/_build/@fs/G:/coding/MacroGraph/packages/packages/src/lifx/index.ts:183:59)
    at Object.run (http://localhost:3000/_build/@fs/G:/coding/MacroGraph/packages/runtime/src/models/Package.ts:103:22)
    at ExecutionContext.execNode (http://localhost:3000/_build/@fs/G:/coding/MacroGraph/packages/runtime/src/models/Core.ts:432:43)
    at async Option.peekAsync (http://localhost:3000/_build/@fs/G:/coding/MacroGraph/packages/option/src/index.ts:68:7)
    at async Object.exec (http://localhost:3000/_build/@fs/G:/coding/MacroGraph/packages/runtime/src/models/Core.ts:338:9)
[1780227901] [recovery] previous session (v42.3.0) did not exit cleanly (started 1780227378)
[1780227901] [startup] MacroGraph 42.3.0 started; log: G:\coding\MacroGraph\apps\desktop\logs\crash.log
[1780227910] [unhandled rejection] Error: No light selected
Error: No light selected
    at Option.expect (http://localhost:3000/_build/@fs/G:/coding/MacroGraph/packages/option/src/index.ts:58:11)
    at Object.run (http://localhost:3000/_build/@fs/G:/coding/MacroGraph/packages/packages/src/lifx/index.ts:183:59)
    at Object.run (http://localhost:3000/_build/@fs/G:/coding/MacroGraph/packages/runtime/src/models/Package.ts:103:22)
    at ExecutionContext.execNode (http://localhost:3000/_build/@fs/G:/coding/MacroGraph/packages/runtime/src/models/Core.ts:432:43)
    at async Option.peekAsync (http://localhost:3000/_build/@fs/G:/coding/MacroGraph/packages/option/src/index.ts:68:7)
    at async Object.exec (http://localhost:3000/_build/@fs/G:/coding/MacroGraph/packages/runtime/src/models/Core.ts:338:9)
[1780227910] [unhandled rejection] Error: No light selected
Error: No light selected
    at Option.expect (http://localhost:3000/_build/@fs/G:/coding/MacroGraph/packages/option/src/index.ts:58:11)
    at Object.run (http://localhost:3000/_build/@fs/G:/coding/MacroGraph/packages/packages/src/lifx/index.ts:183:59)
    at Object.run (http://localhost:3000/_build/@fs/G:/coding/MacroGraph/packages/runtime/src/models/Package.ts:103:22)
    at ExecutionContext.execNode (http://localhost:3000/_build/@fs/G:/coding/MacroGraph/packages/runtime/src/models/Core.ts:432:43)
    at async Option.peekAsync (http://localhost:3000/_build/@fs/G:/coding/MacroGraph/packages/option/src/index.ts:68:7)
    at async Object.exec (http://localhost:3000/_build/@fs/G:/coding/MacroGraph/packages/runtime/src/models/Core.ts:338:9)
[1780227910] [unhandled rejection] Error: No light selected
Error: No light selected
    at Option.expect (http://localhost:3000/_build/@fs/G:/coding/MacroGraph/packages/option/src/index.ts:58:11)
    at Object.run (http://localhost:3000/_build/@fs/G:/coding/MacroGraph/packages/packages/src/lifx/index.ts:183:59)
    at Object.run (http://localhost:3000/_build/@fs/G:/coding/MacroGraph/packages/runtime/src/models/Package.ts:103:22)
    at ExecutionContext.execNode (http://localhost:3000/_build/@fs/G:/coding/MacroGraph/packages/runtime/src/models/Core.ts:432:43)
    at async Option.peekAsync (http://localhost:3000/_build/@fs/G:/coding/MacroGraph/packages/option/src/index.ts:68:7)
    at async Object.exec (http://localhost:3000/_build/@fs/G:/coding/MacroGraph/packages/runtime/src/models/Core.ts:338:9)
[1780227910] [unhandled rejection] Error: No light selected
Error: No light selected
    at Option.expect (http://localhost:3000/_build/@fs/G:/coding/MacroGraph/packages/option/src/index.ts:58:11)
    at Object.run (http://localhost:3000/_build/@fs/G:/coding/MacroGraph/packages/packages/src/lifx/index.ts:183:59)
    at Object.run (http://localhost:3000/_build/@fs/G:/coding/MacroGraph/packages/runtime/src/models/Package.ts:103:22)
    at ExecutionContext.execNode (http://localhost:3000/_build/@fs/G:/coding/MacroGraph/packages/runtime/src/models/Core.ts:432:43)
    at async Option.peekAsync (http://localhost:3000/_build/@fs/G:/coding/MacroGraph/packages/option/src/index.ts:68:7)
    at async Object.exec (http://localhost:3000/_build/@fs/G:/coding/MacroGraph/packages/runtime/src/models/Core.ts:338:9)
[1780227915] [pagehide] webview pagehide (possible shutdown)
[1780227915] [unhandled rejection] Error: No light selected
Error: No light selected
    at Option.expect (http://localhost:3000/_build/@fs/G:/coding/MacroGraph/packages/option/src/index.ts:58:11)
    at Object.run (http://localhost:3000/_build/@fs/G:/coding/MacroGraph/packages/packages/src/lifx/index.ts:183:59)
    at Object.run (http://localhost:3000/_build/@fs/G:/coding/MacroGraph/packages/runtime/src/models/Package.ts:103:22)
    at ExecutionContext.execNode (http://localhost:3000/_build/@fs/G:/coding/MacroGraph/packages/runtime/src/models/Core.ts:432:43)
    at async Option.peekAsync (http://localhost:3000/_build/@fs/G:/coding/MacroGraph/packages/option/src/index.ts:68:7)
    at async Object.exec (http://localhost:3000/_build/@fs/G:/coding/MacroGraph/packages/runtime/src/models/Core.ts:338:9)
[1780227915] [unhandled rejection] Error: No light selected
Error: No light selected
    at Option.expect (http://localhost:3000/_build/@fs/G:/coding/MacroGraph/packages/option/src/index.ts:58:11)
    at Object.run (http://localhost:3000/_build/@fs/G:/coding/MacroGraph/packages/packages/src/lifx/index.ts:183:59)
    at Object.run (http://localhost:3000/_build/@fs/G:/coding/MacroGraph/packages/runtime/src/models/Package.ts:103:22)
    at ExecutionContext.execNode (http://localhost:3000/_build/@fs/G:/coding/MacroGraph/packages/runtime/src/models/Core.ts:432:43)
    at async Option.peekAsync (http://localhost:3000/_build/@fs/G:/coding/MacroGraph/packages/option/src/index.ts:68:7)
    at async Object.exec (http://localhost:3000/_build/@fs/G:/coding/MacroGraph/packages/runtime/src/models/Core.ts:338:9)
[1780227915] [unhandled rejection] Error: No light selected
Error: No light selected
    at Option.expect (http://localhost:3000/_build/@fs/G:/coding/MacroGraph/packages/option/src/index.ts:58:11)
    at Object.run (http://localhost:3000/_build/@fs/G:/coding/MacroGraph/packages/packages/src/lifx/index.ts:183:59)
    at Object.run (http://localhost:3000/_build/@fs/G:/coding/MacroGraph/packages/runtime/src/models/Package.ts:103:22)
    at ExecutionContext.execNode (http://localhost:3000/_build/@fs/G:/coding/MacroGraph/packages/runtime/src/models/Core.ts:432:43)
    at async Option.peekAsync (http://localhost:3000/_build/@fs/G:/coding/MacroGraph/packages/option/src/index.ts:68:7)
    at async Object.exec (http://localhost:3000/_build/@fs/G:/coding/MacroGraph/packages/runtime/src/models/Core.ts:338:9)
[1780227915] [unhandled rejection] Error: No light selected
Error: No light selected
    at Option.expect (http://localhost:3000/_build/@fs/G:/coding/MacroGraph/packages/option/src/index.ts:58:11)
    at Object.run (http://localhost:3000/_build/@fs/G:/coding/MacroGraph/packages/packages/src/lifx/index.ts:183:59)
    at Object.run (http://localhost:3000/_build/@fs/G:/coding/MacroGraph/packages/runtime/src/models/Package.ts:103:22)
    at ExecutionContext.execNode (http://localhost:3000/_build/@fs/G:/coding/MacroGraph/packages/runtime/src/models/Core.ts:432:43)
    at async Option.peekAsync (http://localhost:3000/_build/@fs/G:/coding/MacroGraph/packages/option/src/index.ts:68:7)
    at async Object.exec (http://localhost:3000/_build/@fs/G:/coding/MacroGraph/packages/runtime/src/models/Core.ts:338:9)
[1780227920] [unhandled rejection] Error: No light selected
Error: No light selected
    at Option.expect (http://localhost:3000/_build/@fs/G:/coding/MacroGraph/packages/option/src/index.ts:58:11)
    at Object.run (http://localhost:3000/_build/@fs/G:/coding/MacroGraph/packages/packages/src/lifx/index.ts:183:59)
    at Object.run (http://localhost:3000/_build/@fs/G:/coding/MacroGraph/packages/runtime/src/models/Package.ts:103:22)
    at ExecutionContext.execNode (http://localhost:3000/_build/@fs/G:/coding/MacroGraph/packages/runtime/src/models/Core.ts:432:43)
    at async Option.peekAsync (http://localhost:3000/_build/@fs/G:/coding/MacroGraph/packages/option/src/index.ts:68:7)
    at async Object.exec (http://localhost:3000/_build/@fs/G:/coding/MacroGraph/packages/runtime/src/models/Core.ts:338:9)
[1780227920] [unhandled rejection] Error: No light selected
Error: No light selected
    at Option.expect (http://localhost:3000/_build/@fs/G:/coding/MacroGraph/packages/option/src/index.ts:58:11)
    at Object.run (http://localhost:3000/_build/@fs/G:/coding/MacroGraph/packages/packages/src/lifx/index.ts:183:59)
    at Object.run (http://localhost:3000/_build/@fs/G:/coding/MacroGraph/packages/runtime/src/models/Package.ts:103:22)
    at ExecutionContext.execNode (http://localhost:3000/_build/@fs/G:/coding/MacroGraph/packages/runtime/src/models/Core.ts:432:43)
    at async Option.peekAsync (http://localhost:3000/_build/@fs/G:/coding/MacroGraph/packages/option/src/index.ts:68:7)
    at async Object.exec (http://localhost:3000/_build/@fs/G:/coding/MacroGraph/packages/runtime/src/models/Core.ts:338:9)
[1780227920] [unhandled rejection] Error: No light selected
Error: No light selected
    at Option.expect (http://localhost:3000/_build/@fs/G:/coding/MacroGraph/packages/option/src/index.ts:58:11)
    at Object.run (http://localhost:3000/_build/@fs/G:/coding/MacroGraph/packages/packages/src/lifx/index.ts:183:59)
    at Object.run (http://localhost:3000/_build/@fs/G:/coding/MacroGraph/packages/runtime/src/models/Package.ts:103:22)
    at ExecutionContext.execNode (http://localhost:3000/_build/@fs/G:/coding/MacroGraph/packages/runtime/src/models/Core.ts:432:43)
    at async Option.peekAsync (http://localhost:3000/_build/@fs/G:/coding/MacroGraph/packages/option/src/index.ts:68:7)
    at async Object.exec (http://localhost:3000/_build/@fs/G:/coding/MacroGraph/packages/runtime/src/models/Core.ts:338:9)
[1780227920] [unhandled rejection] Error: No light selected
Error: No light selected
    at Option.expect (http://localhost:3000/_build/@fs/G:/coding/MacroGraph/packages/option/src/index.ts:58:11)
    at Object.run (http://localhost:3000/_build/@fs/G:/coding/MacroGraph/packages/packages/src/lifx/index.ts:183:59)
    at Object.run (http://localhost:3000/_build/@fs/G:/coding/MacroGraph/packages/runtime/src/models/Package.ts:103:22)
    at ExecutionContext.execNode (http://localhost:3000/_build/@fs/G:/coding/MacroGraph/packages/runtime/src/models/Core.ts:432:43)
    at async Option.peekAsync (http://localhost:3000/_build/@fs/G:/coding/MacroGraph/packages/option/src/index.ts:68:7)
    at async Object.exec (http://localhost:3000/_build/@fs/G:/coding/MacroGraph/packages/runtime/src/models/Core.ts:338:9)
[1780227925] [unhandled rejection] Error: No light selected
Error: No light selected
    at Option.expect (http://localhost:3000/_build/@fs/G:/coding/MacroGraph/packages/option/src/index.ts:58:11)
    at Object.run (http://localhost:3000/_build/@fs/G:/coding/MacroGraph/packages/packages/src/lifx/index.ts:183:59)
    at Object.run (http://localhost:3000/_build/@fs/G:/coding/MacroGraph/packages/runtime/src/models/Package.ts:103:22)
    at ExecutionContext.execNode (http://localhost:3000/_build/@fs/G:/coding/MacroGraph/packages/runtime/src/models/Core.ts:432:43)
    at async Option.peekAsync (http://localhost:3000/_build/@fs/G:/coding/MacroGraph/packages/option/src/index.ts:68:7)
    at async Object.exec (http://localhost:3000/_build/@fs/G:/coding/MacroGraph/packages/runtime/src/models/Core.ts:338:9)
[1780227925] [unhandled rejection] Error: No light selected
Error: No light selected
    at Option.expect (http://localhost:3000/_build/@fs/G:/coding/MacroGraph/packages/option/src/index.ts:58:11)
    at Object.run (http://localhost:3000/_build/@fs/G:/coding/MacroGraph/packages/packages/src/lifx/index.ts:183:59)
    at Object.run (http://localhost:3000/_build/@fs/G:/coding/MacroGraph/packages/runtime/src/models/Package.ts:103:22)
    at ExecutionContext.execNode (http://localhost:3000/_build/@fs/G:/coding/MacroGraph/packages/runtime/src/models/Core.ts:432:43)
    at async Option.peekAsync (http://localhost:3000/_build/@fs/G:/coding/MacroGraph/packages/option/src/index.ts:68:7)
    at async Object.exec (http://localhost:3000/_build/@fs/G:/coding/MacroGraph/packages/runtime/src/models/Core.ts:338:9)
[1780227925] [unhandled rejection] Error: No light selected
Error: No light selected
    at Option.expect (http://localhost:3000/_build/@fs/G:/coding/MacroGraph/packages/option/src/index.ts:58:11)
    at Object.run (http://localhost:3000/_build/@fs/G:/coding/MacroGraph/packages/packages/src/lifx/index.ts:183:59)
    at Object.run (http://localhost:3000/_build/@fs/G:/coding/MacroGraph/packages/runtime/src/models/Package.ts:103:22)
    at ExecutionContext.execNode (http://localhost:3000/_build/@fs/G:/coding/MacroGraph/packages/runtime/src/models/Core.ts:432:43)
    at async Option.peekAsync (http://localhost:3000/_build/@fs/G:/coding/MacroGraph/packages/option/src/index.ts:68:7)
    at async Object.exec (http://localhost:3000/_build/@fs/G:/coding/MacroGraph/packages/runtime/src/models/Core.ts:338:9)
[1780227925] [unhandled rejection] Error: No light selected
Error: No light selected
    at Option.expect (http://localhost:3000/_build/@fs/G:/coding/MacroGraph/packages/option/src/index.ts:58:11)
    at Object.run (http://localhost:3000/_build/@fs/G:/coding/MacroGraph/packages/packages/src/lifx/index.ts:183:59)
    at Object.run (http://localhost:3000/_build/@fs/G:/coding/MacroGraph/packages/runtime/src/models/Package.ts:103:22)
    at ExecutionContext.execNode (http://localhost:3000/_build/@fs/G:/coding/MacroGraph/packages/runtime/src/models/Core.ts:432:43)
    at async Option.peekAsync (http://localhost:3000/_build/@fs/G:/coding/MacroGraph/packages/option/src/index.ts:68:7)
    at async Object.exec (http://localhost:3000/_build/@fs/G:/coding/MacroGraph/packages/runtime/src/models/Core.ts:338:9)
[1780227953] [error] unhandledRejection: AggregateError
[1780227953] [unhandled rejection] Error: No light selected
Error: No light selected
    at Option.expect (http://localhost:3000/_build/@fs/G:/coding/MacroGraph/packages/option/src/index.ts:58:11)
    at Object.run (http://localhost:3000/_build/@fs/G:/coding/MacroGraph/packages/packages/src/elgatoKeyLight/index.ts:245:59)
    at Object.run (http://localhost:3000/_build/@fs/G:/coding/MacroGraph/packages/runtime/src/models/Package.ts:103:22)
    at ExecutionContext.execNode (http://localhost:3000/_build/@fs/G:/coding/MacroGraph/packages/runtime/src/models/Core.ts:432:43)
    at async Option.peekAsync (http://localhost:3000/_build/@fs/G:/coding/MacroGraph/packages/option/src/index.ts:68:7)
    at async Object.exec (http://localhost:3000/_build/@fs/G:/coding/MacroGraph/packages/runtime/src/models/Core.ts:338:9)
[1780227953] [unhandled rejection] Error: Error invoking remote method 'http:fetchSend': AggregateError
Error: Error invoking remote method 'http:fetchSend': AggregateError
[1780227956] [error] unhandledRejection: AggregateError
[1780227956] [unhandled rejection] Error: No light selected
Error: No light selected
    at Option.expect (http://localhost:3000/_build/@fs/G:/coding/MacroGraph/packages/option/src/index.ts:58:11)
    at Object.run (http://localhost:3000/_build/@fs/G:/coding/MacroGraph/packages/packages/src/elgatoKeyLight/index.ts:245:59)
    at Object.run (http://localhost:3000/_build/@fs/G:/coding/MacroGraph/packages/runtime/src/models/Package.ts:103:22)
    at ExecutionContext.execNode (http://localhost:3000/_build/@fs/G:/coding/MacroGraph/packages/runtime/src/models/Core.ts:432:43)
    at async Option.peekAsync (http://localhost:3000/_build/@fs/G:/coding/MacroGraph/packages/option/src/index.ts:68:7)
    at async Object.exec (http://localhost:3000/_build/@fs/G:/coding/MacroGraph/packages/runtime/src/models/Core.ts:338:9)
[1780227956] [unhandled rejection] Error: Error invoking remote method 'http:fetchSend': AggregateError
Error: Error invoking remote method 'http:fetchSend': AggregateError
[1780227978] [error] unhandledRejection: AggregateError
[1780227978] [unhandled rejection] Error: No light selected
Error: No light selected
    at Option.expect (http://localhost:3000/_build/@fs/G:/coding/MacroGraph/packages/option/src/index.ts:58:11)
    at Object.run (http://localhost:3000/_build/@fs/G:/coding/MacroGraph/packages/packages/src/elgatoKeyLight/index.ts:245:59)
    at Object.run (http://localhost:3000/_build/@fs/G:/coding/MacroGraph/packages/runtime/src/models/Package.ts:103:22)
    at ExecutionContext.execNode (http://localhost:3000/_build/@fs/G:/coding/MacroGraph/packages/runtime/src/models/Core.ts:432:43)
    at async Option.peekAsync (http://localhost:3000/_build/@fs/G:/coding/MacroGraph/packages/option/src/index.ts:68:7)
    at async Object.exec (http://localhost:3000/_build/@fs/G:/coding/MacroGraph/packages/runtime/src/models/Core.ts:338:9)
[1780227978] [unhandled rejection] Error: Error invoking remote method 'http:fetchSend': AggregateError
Error: Error invoking remote method 'http:fetchSend': AggregateError
[1780227986] [unhandled rejection] Error: No light selected
Error: No light selected
    at Option.expect (http://localhost:3000/_build/@fs/G:/coding/MacroGraph/packages/option/src/index.ts:58:11)
    at Object.run (http://localhost:3000/_build/@fs/G:/coding/MacroGraph/packages/packages/src/elgatoKeyLight/index.ts:245:59)
    at Object.run (http://localhost:3000/_build/@fs/G:/coding/MacroGraph/packages/runtime/src/models/Package.ts:103:22)
    at ExecutionContext.execNode (http://localhost:3000/_build/@fs/G:/coding/MacroGraph/packages/runtime/src/models/Core.ts:432:43)
    at async Option.peekAsync (http://localhost:3000/_build/@fs/G:/coding/MacroGraph/packages/option/src/index.ts:68:7)
    at async Object.exec (http://localhost:3000/_build/@fs/G:/coding/MacroGraph/packages/runtime/src/models/Core.ts:338:9)
[1780228066] [pagehide] webview pagehide (possible shutdown)
[1780228066] [unhandled rejection] Error: No light selected
Error: No light selected
    at Option.expect (http://localhost:3000/_build/@fs/G:/coding/MacroGraph/packages/option/src/index.ts:58:11)
    at Object.run (http://localhost:3000/_build/@fs/G:/coding/MacroGraph/packages/packages/src/lifx/index.ts?t=1780228060901:183:59)
    at Object.run (http://localhost:3000/_build/@fs/G:/coding/MacroGraph/packages/runtime/src/models/Package.ts:103:22)
    at ExecutionContext.execNode (http://localhost:3000/_build/@fs/G:/coding/MacroGraph/packages/runtime/src/models/Core.ts:432:43)
    at async Option.peekAsync (http://localhost:3000/_build/@fs/G:/coding/MacroGraph/packages/option/src/index.ts:68:7)
    at async Object.exec (http://localhost:3000/_build/@fs/G:/coding/MacroGraph/packages/runtime/src/models/Core.ts:338:9)
[1780228067] [unhandled rejection] Error: No light selected
Error: No light selected
    at Option.expect (http://localhost:3000/_build/@fs/G:/coding/MacroGraph/packages/option/src/index.ts:58:11)
    at Object.run (http://localhost:3000/_build/@fs/G:/coding/MacroGraph/packages/packages/src/lifx/index.ts?t=1780228060901:183:59)
    at Object.run (http://localhost:3000/_build/@fs/G:/coding/MacroGraph/packages/runtime/src/models/Package.ts:103:22)
    at ExecutionContext.execNode (http://localhost:3000/_build/@fs/G:/coding/MacroGraph/packages/runtime/src/models/Core.ts:432:43)
    at async Option.peekAsync (http://localhost:3000/_build/@fs/G:/coding/MacroGraph/packages/option/src/index.ts:68:7)
    at async Object.exec (http://localhost:3000/_build/@fs/G:/coding/MacroGraph/packages/runtime/src/models/Core.ts:338:9)
[1780228067] [unhandled rejection] Error: No light selected
Error: No light selected
    at Option.expect (http://localhost:3000/_build/@fs/G:/coding/MacroGraph/packages/option/src/index.ts:58:11)
    at Object.run (http://localhost:3000/_build/@fs/G:/coding/MacroGraph/packages/packages/src/lifx/index.ts?t=1780228060901:183:59)
    at Object.run (http://localhost:3000/_build/@fs/G:/coding/MacroGraph/packages/runtime/src/models/Package.ts:103:22)
    at ExecutionContext.execNode (http://localhost:3000/_build/@fs/G:/coding/MacroGraph/packages/runtime/src/models/Core.ts:432:43)
    at async Option.peekAsync (http://localhost:3000/_build/@fs/G:/coding/MacroGraph/packages/option/src/index.ts:68:7)
    at async Object.exec (http://localhost:3000/_build/@fs/G:/coding/MacroGraph/packages/runtime/src/models/Core.ts:338:9)
[1780228067] [unhandled rejection] Error: No light selected
Error: No light selected
    at Option.expect (http://localhost:3000/_build/@fs/G:/coding/MacroGraph/packages/option/src/index.ts:58:11)
    at Object.run (http://localhost:3000/_build/@fs/G:/coding/MacroGraph/packages/packages/src/lifx/index.ts?t=1780228060901:183:59)
    at Object.run (http://localhost:3000/_build/@fs/G:/coding/MacroGraph/packages/runtime/src/models/Package.ts:103:22)
    at ExecutionContext.execNode (http://localhost:3000/_build/@fs/G:/coding/MacroGraph/packages/runtime/src/models/Core.ts:432:43)
    at async Option.peekAsync (http://localhost:3000/_build/@fs/G:/coding/MacroGraph/packages/option/src/index.ts:68:7)
    at async Object.exec (http://localhost:3000/_build/@fs/G:/coding/MacroGraph/packages/runtime/src/models/Core.ts:338:9)
[1780228298] [pagehide] webview pagehide (possible shutdown)
[1780228299] [exit] window-all-closed
[1780228299] [exit] application Exit
[1780228299] [panic] Error: No main window
Error: No main window
    at getWindow (G:\coding\MacroGraph\apps\desktop\dist-electron\main.js:182:15)
    at sendToRenderer (G:\coding\MacroGraph\apps\desktop\dist-electron\main.js:186:17)
    at WebSocket.<anonymous> (G:\coding\MacroGraph\apps\desktop\dist-electron\main.js:307:17)
    at WebSocket.emit (node:events:521:24)
    at WebSocket.emitClose (G:\coding\MacroGraph\node_modules\.pnpm\ws@8.21.0_bufferutil@4.1.0_utf-8-validate@5.0.10\node_modules\ws\lib\websocket.js:279:10)
    at Socket.socketOnClose (G:\coding\MacroGraph\node_modules\.pnpm\ws@8.21.0_bufferutil@4.1.0_utf-8-validate@5.0.10\node_modules\ws\lib\websocket.js:1360:15)
    at Socket.emit (node:events:509:28)
    at TCP.<anonymous> (node:net:350:12)
[1780230396] [startup] MacroGraph 42.3.0 started; log: G:\coding\MacroGraph\apps\desktop\logs\crash.log
[1780230414] [pagehide] webview pagehide (possible shutdown)
[1780230423] [exit] window-all-closed
[1780230423] [exit] application Exit
[1780230429] [startup] MacroGraph 42.3.0 started; log: G:\coding\MacroGraph\apps\desktop\logs\crash.log
[1780230518] [pagehide] webview pagehide (possible shutdown)
[1780230596] [pagehide] webview pagehide (possible shutdown)
[1780230786] [recovery] previous session (v42.3.0) did not exit cleanly (started 1780230429)
[1780230786] [startup] MacroGraph 42.3.0 started; log: G:\coding\MacroGraph\apps\desktop\logs\crash.log
[1780230936] [recovery] previous session (v42.3.0) did not exit cleanly (started 1780230786)
[1780230936] [startup] MacroGraph 42.3.0 started; log: G:\coding\MacroGraph\apps\desktop\logs\crash.log
[1780230958] [recovery] previous session (v42.3.0) did not exit cleanly (started 1780230936)
[1780230958] [startup] MacroGraph 42.3.0 started; log: G:\coding\MacroGraph\apps\desktop\logs\crash.log
[1780231068] [recovery] previous session (v42.3.0) did not exit cleanly (started 1780230958)
[1780231068] [startup] MacroGraph 42.3.0 started; log: G:\coding\MacroGraph\apps\desktop\logs\crash.log
[1780231093] [recovery] previous session (v42.3.0) did not exit cleanly (started 1780231068)
[1780231093] [startup] MacroGraph 42.3.0 started; log: G:\coding\MacroGraph\apps\desktop\logs\crash.log
[1780231302] [recovery] previous session (v42.3.0) did not exit cleanly (started 1780231093)
[1780231302] [startup] MacroGraph 42.3.0 started; log: G:\coding\MacroGraph\apps\desktop\logs\crash.log
[1780231502] [pagehide] webview pagehide (possible shutdown)
[1780231506] [pagehide] webview pagehide (possible shutdown)
[1780231612] [pagehide] webview pagehide (possible shutdown)
[1780231613] [pagehide] webview pagehide (possible shutdown)
[1780232137] [recovery] previous session (v42.3.0) did not exit cleanly (started 1780231302)
[1780232137] [startup] MacroGraph 42.3.0 started; log: G:\coding\MacroGraph\apps\desktop\logs\crash.log
[1780232190] [panic] Error: write EOF
Error: write EOF
    at WriteWrap.onWriteComplete [as oncomplete] (node:internal/stream_base_commons:87:19)
[1780232354] [startup] MacroGraph 42.3.0 started; log: G:\coding\MacroGraph\apps\desktop\logs\crash.log
[1780232404] [panic] Error: write EOF
Error: write EOF
    at WriteWrap.onWriteComplete [as oncomplete] (node:internal/stream_base_commons:87:19)
[1780232674] [startup] MacroGraph 42.3.0 started; log: G:\coding\MacroGraph\apps\desktop\logs\crash.log
[1780232864] [recovery] previous session (v42.3.0) did not exit cleanly (started 1780232674)
[1780232864] [startup] MacroGraph 42.3.0 started; log: G:\coding\MacroGraph\apps\desktop\logs\crash.log
[1780233203] [recovery] previous session (v42.3.0) did not exit cleanly (started 1780232864)
[1780233203] [startup] MacroGraph 42.3.0 started; log: G:\coding\MacroGraph\apps\desktop\logs\crash.log
[1780233394] [recovery] previous session (v42.3.0) did not exit cleanly (started 1780233203)
[1780233394] [startup] MacroGraph 42.3.0 started; log: G:\coding\MacroGraph\apps\desktop\logs\crash.log
[1780233426] [pagehide] webview pagehide (possible shutdown)
[1780233530] [recovery] previous session (v42.3.0) did not exit cleanly (started 1780233394)
[1780233530] [startup] MacroGraph 42.3.0 started; log: G:\coding\MacroGraph\apps\desktop\logs\crash.log
[1780233810] [recovery] previous session (v42.3.0) did not exit cleanly (started 1780233530)
[1780233810] [startup] MacroGraph 42.3.0 started; log: G:\coding\MacroGraph\apps\desktop\logs\crash.log
[1780234054] [recovery] previous session (v42.3.0) did not exit cleanly (started 1780233810)
[1780234054] [startup] MacroGraph 42.3.0 started; log: G:\coding\MacroGraph\apps\desktop\logs\crash.log
[1780234173] [pagehide] webview pagehide (possible shutdown)
[1780234181] [recovery] previous session (v42.3.0) did not exit cleanly (started 1780234054)
[1780234181] [startup] MacroGraph 42.3.0 started; log: G:\coding\MacroGraph\apps\desktop\logs\crash.log
[1780234364] [recovery] previous session (v42.3.0) did not exit cleanly (started 1780234181)
[1780234364] [startup] MacroGraph 42.3.0 started; log: G:\coding\MacroGraph\apps\desktop\logs\crash.log
[1780234492] [recovery] previous session (v42.3.0) did not exit cleanly (started 1780234364)
[1780234492] [startup] MacroGraph 42.3.0 started; log: G:\coding\MacroGraph\apps\desktop\logs\crash.log
[1780234535] [recovery] previous session (v42.3.0) did not exit cleanly (started 1780234492)
[1780234535] [startup] MacroGraph 42.3.0 started; log: G:\coding\MacroGraph\apps\desktop\logs\crash.log
[1780234645] [recovery] previous session (v42.3.0) did not exit cleanly (started 1780234535)
[1780234645] [startup] MacroGraph 42.3.0 started; log: G:\coding\MacroGraph\apps\desktop\logs\crash.log
[1780234876] [recovery] previous session (v42.3.0) did not exit cleanly (started 1780234645)
[1780234876] [startup] MacroGraph 42.3.0 started; log: G:\coding\MacroGraph\apps\desktop\logs\crash.log
[1780234970] [recovery] previous session (v42.3.0) did not exit cleanly (started 1780234876)
[1780234970] [startup] MacroGraph 42.3.0 started; log: G:\coding\MacroGraph\apps\desktop\logs\crash.log
[1780235033] [pagehide] webview pagehide (possible shutdown)
[1780235077] [recovery] previous session (v42.3.0) did not exit cleanly (started 1780234970)
[1780235077] [startup] MacroGraph 42.3.0 started; log: G:\coding\MacroGraph\apps\desktop\logs\crash.log
[1780235139] [pagehide] webview pagehide (possible shutdown)
[1780235196] [pagehide] webview pagehide (possible shutdown)
[1780235329] [recovery] previous session (v42.3.0) did not exit cleanly (started 1780235077)
[1780235329] [startup] MacroGraph 42.3.0 started; log: G:\coding\MacroGraph\apps\desktop\logs\crash.log
[1780235472] [recovery] previous session (v42.3.0) did not exit cleanly (started 1780235329)
[1780235472] [startup] MacroGraph 42.3.0 started; log: G:\coding\MacroGraph\apps\desktop\logs\crash.log
[1780235606] [recovery] previous session (v42.3.0) did not exit cleanly (started 1780235472)
[1780235606] [startup] MacroGraph 42.3.0 started; log: G:\coding\MacroGraph\apps\desktop\logs\crash.log
[1780235757] [pagehide] webview pagehide (possible shutdown)
[1780236112] [recovery] previous session (v42.3.0) did not exit cleanly (started 1780235606)
[1780236112] [startup] MacroGraph 42.3.0 started; log: G:\coding\MacroGraph\apps\desktop\logs\crash.log
[1780236118] [pagehide] webview pagehide (possible shutdown)
[1780236131] [pagehide] webview pagehide (possible shutdown)
[1780236361] [recovery] previous session (v42.3.0) did not exit cleanly (started 1780236112)
[1780236361] [startup] MacroGraph 42.3.0 started; log: G:\coding\MacroGraph\apps\desktop\logs\crash.log
[1780277625] [recovery] previous session (v42.3.0) did not exit cleanly (started 1780236361)
[1780277625] [startup] MacroGraph 42.3.0 started; log: G:\coding\MacroGraph\apps\desktop\logs\crash.log
[1780277632] [pagehide] webview pagehide (possible shutdown)
[1780277644] [pagehide] webview pagehide (possible shutdown)
[1780277785] [recovery] previous session (v42.3.0) did not exit cleanly (started 1780277625)
[1780277785] [startup] MacroGraph 42.3.0 started; log: G:\coding\MacroGraph\apps\desktop\logs\crash.log
[1780277997] [pagehide] webview pagehide (possible shutdown)
[1780278140] [recovery] previous session (v42.3.0) did not exit cleanly (started 1780277785)
[1780278140] [startup] MacroGraph 42.3.0 started; log: G:\coding\MacroGraph\apps\desktop\logs\crash.log
[1780278277] [pagehide] webview pagehide (possible shutdown)
[1780278277] [exit] window-all-closed
[1780278277] [exit] application Exit
[1780278277] [panic] Error: No main window
Error: No main window
    at getWindow (G:\coding\MacroGraph\apps\desktop\dist-electron\main.js:183:15)
    at sendToRenderer (G:\coding\MacroGraph\apps\desktop\dist-electron\main.js:187:17)
    at WebSocket.<anonymous> (G:\coding\MacroGraph\apps\desktop\dist-electron\main.js:309:17)
    at WebSocket.emit (node:events:521:24)
    at WebSocket.emitClose (G:\coding\MacroGraph\node_modules\.pnpm\ws@8.21.0_bufferutil@4.1.0_utf-8-validate@5.0.10\node_modules\ws\lib\websocket.js:279:10)
    at Socket.socketOnClose (G:\coding\MacroGraph\node_modules\.pnpm\ws@8.21.0_bufferutil@4.1.0_utf-8-validate@5.0.10\node_modules\ws\lib\websocket.js:1360:15)
    at Socket.emit (node:events:509:28)
    at TCP.<anonymous> (node:net:350:12)
[1780278527] [startup] MacroGraph 42.3.0 started; log: G:\coding\MacroGraph\apps\desktop\logs\crash.log
[1780278704] [pagehide] webview pagehide (possible shutdown)
[1780278737] [recovery] previous session (v42.3.0) did not exit cleanly (started 1780278527)
[1780278737] [startup] MacroGraph 42.3.0 started; log: G:\coding\MacroGraph\apps\desktop\logs\crash.log
[1780278932] [pagehide] webview pagehide (possible shutdown)
[1780278955] [pagehide] webview pagehide (possible shutdown)
[1780278955] [exit] window-all-closed
[1780278955] [exit] application Exit
[1780278955] [panic] Error: No main window
Error: No main window
    at getWindow (G:\coding\MacroGraph\apps\desktop\dist-electron\main.js:183:15)
    at sendToRenderer (G:\coding\MacroGraph\apps\desktop\dist-electron\main.js:187:17)
    at WebSocket.<anonymous> (G:\coding\MacroGraph\apps\desktop\dist-electron\main.js:309:17)
    at WebSocket.emit (node:events:521:24)
    at WebSocket.emitClose (G:\coding\MacroGraph\node_modules\.pnpm\ws@8.21.0_bufferutil@4.1.0_utf-8-validate@5.0.10\node_modules\ws\lib\websocket.js:279:10)
    at Socket.socketOnClose (G:\coding\MacroGraph\node_modules\.pnpm\ws@8.21.0_bufferutil@4.1.0_utf-8-validate@5.0.10\node_modules\ws\lib\websocket.js:1360:15)
    at Socket.emit (node:events:509:28)
    at TCP.<anonymous> (node:net:350:12)
[1780278961] [startup] MacroGraph 42.3.0 started; log: G:\coding\MacroGraph\apps\desktop\logs\crash.log
[1780279017] [pagehide] webview pagehide (possible shutdown)
[1780279017] [exit] window-all-closed
[1780279017] [exit] application Exit
[1780279017] [panic] Error: No main window
Error: No main window
    at getWindow (G:\coding\MacroGraph\apps\desktop\dist-electron\main.js:183:15)
    at sendToRenderer (G:\coding\MacroGraph\apps\desktop\dist-electron\main.js:187:17)
    at WebSocketServer.<anonymous> (G:\coding\MacroGraph\apps\desktop\dist-electron\main.js:294:13)
    at WebSocketServer.emit (node:events:509:28)
    at WebSocketServer.completeUpgrade (G:\coding\MacroGraph\node_modules\.pnpm\ws@8.21.0_bufferutil@4.1.0_utf-8-validate@5.0.10\node_modules\ws\lib\websocket-server.js:450:5)
    at WebSocketServer.handleUpgrade (G:\coding\MacroGraph\node_modules\.pnpm\ws@8.21.0_bufferutil@4.1.0_utf-8-validate@5.0.10\node_modules\ws\lib\websocket-server.js:356:10)
    at Server.upgrade (G:\coding\MacroGraph\node_modules\.pnpm\ws@8.21.0_bufferutil@4.1.0_utf-8-validate@5.0.10\node_modules\ws\lib\websocket-server.js:129:16)
    at Server.emit (node:events:509:28)
    at onParserExecuteCommon (node:_http_server:987:14)
    at onParserExecute (node:_http_server:891:3)
[1780279017] [panic] Error: No main window
Error: No main window
    at getWindow (G:\coding\MacroGraph\apps\desktop\dist-electron\main.js:183:15)
    at sendToRenderer (G:\coding\MacroGraph\apps\desktop\dist-electron\main.js:187:17)
    at WebSocket.<anonymous> (G:\coding\MacroGraph\apps\desktop\dist-electron\main.js:309:17)
    at WebSocket.emit (node:events:521:24)
    at WebSocket.emitClose (G:\coding\MacroGraph\node_modules\.pnpm\ws@8.21.0_bufferutil@4.1.0_utf-8-validate@5.0.10\node_modules\ws\lib\websocket.js:279:10)
    at Socket.socketOnClose (G:\coding\MacroGraph\node_modules\.pnpm\ws@8.21.0_bufferutil@4.1.0_utf-8-validate@5.0.10\node_modules\ws\lib\websocket.js:1360:15)
    at Socket.emit (node:events:509:28)
    at TCP.<anonymous> (node:net:350:12)
[1780279024] [startup] MacroGraph 42.3.0 started; log: G:\coding\MacroGraph\apps\desktop\logs\crash.log
[1780279327] [recovery] previous session (v42.3.0) did not exit cleanly (started 1780279024)
[1780279327] [startup] MacroGraph 42.3.0 started; log: G:\coding\MacroGraph\apps\desktop\logs\crash.log
[1780279470] [pagehide] webview pagehide (possible shutdown)
[1780279470] [exit] window-all-closed
[1780279470] [exit] application Exit
[1780279470] [panic] Error: No main window
Error: No main window
    at getWindow (G:\coding\MacroGraph\apps\desktop\dist-electron\main.js:183:15)
    at sendToRenderer (G:\coding\MacroGraph\apps\desktop\dist-electron\main.js:187:17)
    at WebSocket.<anonymous> (G:\coding\MacroGraph\apps\desktop\dist-electron\main.js:309:17)
    at WebSocket.emit (node:events:521:24)
    at WebSocket.emitClose (G:\coding\MacroGraph\node_modules\.pnpm\ws@8.21.0_bufferutil@4.1.0_utf-8-validate@5.0.10\node_modules\ws\lib\websocket.js:279:10)
    at Socket.socketOnClose (G:\coding\MacroGraph\node_modules\.pnpm\ws@8.21.0_bufferutil@4.1.0_utf-8-validate@5.0.10\node_modules\ws\lib\websocket.js:1360:15)
    at Socket.emit (node:events:509:28)
    at TCP.<anonymous> (node:net:350:12)
[1780280199] [startup] MacroGraph 42.3.0 started; log: G:\coding\MacroGraph\apps\desktop\logs\crash.log
[1780280350] [pagehide] webview pagehide (possible shutdown)
[1780280350] [pagehide] webview pagehide (possible shutdown)
[1780280383] [recovery] previous session (v42.3.0) did not exit cleanly (started 1780280199)
[1780280383] [startup] MacroGraph 42.3.0 started; log: G:\coding\MacroGraph\apps\desktop\logs\crash.log
[1780280453] [pagehide] webview pagehide (possible shutdown)
[1780280714] [recovery] previous session (v42.3.0) did not exit cleanly (started 1780280383)
[1780280714] [startup] MacroGraph 42.3.0 started; log: G:\coding\MacroGraph\apps\desktop\logs\crash.log
[1780280762] [pagehide] webview pagehide (possible shutdown)
[1780280845] [pagehide] webview pagehide (possible shutdown)
[1780280939] [pagehide] webview pagehide (possible shutdown)
[1780281037] [pagehide] webview pagehide (possible shutdown)
[1780281050] [recovery] previous session (v42.3.0) did not exit cleanly (started 1780280714)
[1780281050] [startup] MacroGraph 42.3.0 started; log: G:\coding\MacroGraph\apps\desktop\logs\crash.log
[1780281146] [pagehide] webview pagehide (possible shutdown)
